nome_do_titulo,worth_it,numeroTotalDeCotistas_mean,numeroTotalDeCotistas_std,n_cotistas_pessoa_fisica_mean,n_cotistas_pessoa_fisica_std,n_cotistas_pessoa_juridica_nao_financeira_mean,n_cotistas_pessoa_juridica_nao_financeira_std,n_cotistas_banco_comercial_mean,n_cotistas_banco_comercial_std,n_cotistas_corretora_ou_distribuidora_mean,n_cotistas_corretora_ou_distribuidora_std,n_cotistas_outras_pessoas_juridicas_financeiras_mean,n_cotistas_outras_pessoas_juridicas_financeiras_std,n_cotistas_investidores_nao_residentes_mean,n_cotistas_investidores_nao_residentes_std,n_cotistas_entidade_aberta_de_previdencia_mean,n_cotistas_entidade_aberta_de_previdencia_std,n_cotistas_entidade_fechada_de_previdencia_mean,n_cotistas_entidade_fechada_de_previdencia_std,n_cotistas_regime_proprio_de_previdencia_mean,n_cotistas_regime_proprio_de_previdencia_std,n_cotistas_sociedade_seguradora_mean,n_cotistas_sociedade_seguradora_std,n_cotistas_sociedade_de_capitalizacao_mean,n_cotistas_sociedade_de_capitalizacao_std,n_cotistas_fiis_mean,n_cotistas_fiis_std,n_cotistas_outros_fundos_de_investimento_mean,n_cotistas_outros_fundos_de_investimento_std,n_cotistas_distribuidores_de_fundo_mean,n_cotistas_distribuidores_de_fundo_std,n_cotistas_nao_relacionados_mean,n_cotistas_nao_relacionados_std,ativos_mean,ativos_std,patrimonio_liquido_mean,patrimonio_liquido_std,n_de_cotas_emitidas_mean,n_de_cotas_emitidas_std,valor_patrimonial_das_cotas_mean,valor_patrimonial_das_cotas_std,despesas_com_taxas_de_adm_em_relacao_ao_patrimonio_mean,despesas_com_taxas_de_adm_em_relacao_ao_patrimonio_std,despesas_com_agente_custodiante_em_relacao_ao_patrimonio_mean,despesas_com_agente_custodiante_em_relacao_ao_patrimonio_std,rentabilidade_efetiva_mensal_mean,rentabilidade_efetiva_mensal_std,rentabilidade_patrimonial_mean,rentabilidade_patrimonial_std,dividend_yield_mean,dividend_yield_std,amortizacoes_de_cotas_no_mes_ref_mean,amortizacoes_de_cotas_no_mes_ref_std,total_mantido_para_necessidade_de_liquidez_mean,total_mantido_para_necessidade_de_liquidez_std,total_mantido_para_necessidade_de_liquidez_disponibilidade_mean,total_mantido_para_necessidade_de_liquidez_disponibilidade_std,total_mantido_para_necessidade_de_liquidez_titulos_publicos_mean,total_mantido_para_necessidade_de_liquidez_titulos_publicos_std,total_mantido_para_necessidade_de_liquidez_titulos_privados_mean,total_mantido_para_necessidade_de_liquidez_titulos_privados_std,total_mantido_para_necessidade_de_liquidez_fundos_de_renda_fixa_mean,total_mantido_para_necessidade_de_liquidez_fundos_de_renda_fixa_std,total_investido_mean,total_investido_std,total_investido_direitos_reais_sobre_bens_mean,total_investido_direitos_reais_sobre_bens_std,total_investido_direitos_reais_sobre_bens_terrenos_mean,total_investido_direitos_reais_sobre_bens_terrenos_std,total_investido_direitos_reais_sobre_bens_imoveis_para_renda_acabados_mean,total_investido_direitos_reais_sobre_bens_imoveis_para_renda_acabados_std,total_investido_direitos_reais_sobre_bens_imoveis_para_renda_em_construcao_mean,total_investido_direitos_reais_sobre_bens_imoveis_para_renda_em_construcao_std,total_investido_direitos_reais_sobre_bens_imoveis_para_venda_acabados_mean,total_investido_direitos_reais_sobre_bens_imoveis_para_venda_acabados_std,total_investido_direitos_reais_sobre_bens_imoveis_para_venda_em_construcao_mean,total_investido_direitos_reais_sobre_bens_imoveis_para_venda_em_construcao_std,total_investido_direitos_reais_sobre_bens_outros_direitos_reais_mean,total_investido_direitos_reais_sobre_bens_outros_direitos_reais_std,total_investido_acoes_mean,total_investido_acoes_std,total_investido_debentures_mean,total_investido_debentures_std,total_investido_subscricao_mean,total_investido_subscricao_std,total_investido_depositos_de_valores_mobiliarios_mean,total_investido_depositos_de_valores_mobiliarios_std,total_investido_cedulas_debentures_mean,total_investido_cedulas_debentures_std,total_investido_fia_mean,total_investido_fia_std,total_investido_fip_mean,total_investido_fip_std,total_investido_fii_mean,total_investido_fii_std,total_investido_fidc_mean,total_investido_fidc_std,total_investido_outras_cotas_de_fundos_mean,total_investido_outras_cotas_de_fundos_std,total_investido_notas_promissorias_mean,total_investido_notas_promissorias_std,total_investido_acoes_de_sociedades_mean,total_investido_acoes_de_sociedades_std,total_investido_cotas_de_sociedades_mean,total_investido_cotas_de_sociedades_std,total_investido_cepac_mean,total_investido_cepac_std,total_investido_cri_ou_cra_mean,total_investido_cri_ou_cra_std,total_investido_letras_hipotecarias_mean,total_investido_letras_hipotecarias_std,total_investido_lci_ou_lca_mean,total_investido_lci_ou_lca_std,total_investido_lig_mean,total_investido_lig_std,total_investido_outros_valores_mobiliarios_mean,total_investido_outros_valores_mobiliarios_std,valores_a_receber_mean,valores_a_receber_std,valores_a_receber_por_alugueis_mean,valores_a_receber_por_alugueis_std,valores_a_receber_por_venda_de_imoveis_mean,valores_a_receber_por_venda_de_imoveis_std,valores_a_receber_por_outros_mean,valores_a_receber_por_outros_std,passivo_rendimentos_a_distribuir_mean,passivo_rendimentos_a_distribuir_std,passivo_taxa_de_adm_mean,passivo_taxa_de_adm_std,passivo_taxa_de_performance_mean,passivo_taxa_de_performance_std,passivo_obrigacoes_por_aquisicao_de_imoveis_mean,passivo_obrigacoes_por_aquisicao_de_imoveis_std,passivo_adiantamento_por_venda_de_imoveis_mean,passivo_adiantamento_por_venda_de_imoveis_std,passivo_adiantamento_de_valores_de_alugueis_mean,passivo_adiantamento_de_valores_de_alugueis_std,passivo_obrigacoes_por_securitizacao_de_recebiveis_mean,passivo_obrigacoes_por_securitizacao_de_recebiveis_std,passivo_instrumentos_financeiros_derivativos_mean,passivo_instrumentos_financeiros_derivativos_std,passivo_provisoes_para_contingencias_mean,passivo_provisoes_para_contingencias_std,passivo_outros_valores_a_pagar_mean,passivo_outros_valores_a_pagar_std,passivo_total_mean,passivo_total_std
ALZR11,0.0,147674.83333333334,2594.1948590394427,147492.16666666666,2595.4114445818955,152.66666666666666,12.339638028186506,0.0,0.0,1.8333333333333333,0.408248290463863,0.8333333333333334,0.408248290463863,4.0,0.6324555320336759,0.0,0.0,2.0,0.0,0.0,0.0,0.0,0.0,0.0,0.0,6.0,1.2649110640673518,13.5,1.0488088481701516,0.0,0.0,1.8333333333333333,0.408248290463863,1235757928.4833333,3572359.925521926,1049492006.7066666,6877146.555788126,9860406.0,0.0,106.43496900000001,0.6974508627879106,0.0,0.0,0.0,0.0,0.7804833333333333,1.111891892976411,0.0878166666666667,1.1169149679660788,0.6926666666666667,0.06224550318429966,0.0,0.0,236017807.08333334,45472631.84564918,50909.456666666665,124237.1569513898,0.0,0.0,0.0,0.0,235966897.62666667,45508542.46043825,983112975.4283333,43688724.646853454,731472665.0466666,40227130.69417691,0.0,0.0,731472665.0466666,40227130.69417691,0.0,0.0,0.0,0.0,0.0,0.0,0.0,0.0,0.0,0.0,0.0,0.0,0.0,0.0,0.0,0.0,0.0,0.0,0.0,0.0,0.0,0.0,236426651.41166666,12791630.077696403,0.0,0.0,0.0,0.0,0.0,0.0,0.0,0.0,0.0,0.0,0.0,0.0,15213658.969999999,9914320.865676811,0.0,0.0,0.0,0.0,0.0,0.0,0.0,0.0,16627145.971666666,1700504.420301736,4802917.983333333,308112.9526419841,0.0,0.0,11824227.988333335,1988360.029044842,3840960.6816666666,6082039.7873309,907552.5433333333,11845.863618361722,0.0,0.0,28114051.31,0.0,50000.0,54772.25575051661,0.0,0.0,143131455.89166668,1709524.712449747,0.0,0.0,0.0,0.0,10221901.35,821440.0334908261,186265921.77666667,5746173.0665346235
BRCO11,0.0,119457.16666666667,1340.1666189943178,39349.666666666664,60961.70982400893,97.83333333333333,151.56571731980378,0.0,0.0,0.6666666666666666,1.0327955589886444,0.0,0.0,1.5,2.8106938645110393,0.0,0.0,1.0,1.5491933384829668,0.0,0.0,0.0,0.0,0.0,0.0,11.333333333333334,20.9252638374446,7.0,17.146428199482248,0.0,0.0,0.0,0.0,1823559607.7250001,5158568.041293029,1780420306.5833333,7259663.30097687,14778781.0,0.0,120.47139116666666,0.4912219433728231,0.0,0.0,0.0008166666666666666,0.0003430257521916782,0.47101666666666664,0.3009479451112213,-0.16215,0.1599128356324157,0.6331666666666667,0.30913657607385553,0.0,0.0,51411711.24333334,24334833.48274617,19499.671666666665,41073.322586688024,0.0,0.0,0.0,0.0,51392211.571666665,24346410.161649607,1562737930.1850002,74777166.76884775,1468190551.6783333,1572593.3265414913,0.0,0.0,978380734.9683332,757851482.5890044,0.0,0.0,489809816.71000004,758810105.1707609,0.0,0.0,0.0,0.0,0.0,0.0,0.0,0.0,0.0,0.0,0.0,0.0,0.0,0.0,0.0,0.0,0.0,0.0,0.0,0.0,0.0,0.0,0.0,0.0,0.0,0.0,3402.2166666666667,2635.350732192333,1704.4333333333334,2640.4967658883184,0.0,0.0,0.0,0.0,0.0,0.0,94542271.85666667,73241998.72368455,0.0,0.0,0.0,0.0,209409966.29666665,55169843.041372366,12325606.435,676769.3776508627,142070495.57333335,119201109.16890068,55013864.288333334,80930149.35521826,13424059.408333333,750183.8893340923,0.0,0.0,0.0,0.0,0.0,0.0,0.0,0.0,0.0,0.0,23880706.34166667,1097026.94216679,0.0,0.0,368785.23,0.0,5465750.161666666,1699499.2969197144,43139301.141666666,2341281.0226440243
BTAL11,0.0,45720.833333333336,225.39158517270894,45639.833333333336,225.16875153241517,63.833333333333336,3.8686776379877754,0.0,0.0,0.8333333333333334,0.408248290463863,0.0,0.0,8.0,0.6324555320336759,0.0,0.0,1.0,0.0,0.0,0.0,0.0,0.0,0.0,0.0,2.6666666666666665,0.816496580927726,4.666666666666667,0.5163977794943221,0.0,0.0,0.0,0.0,706014975.5383333,2395287.4748774236,625428640.7633333,3500155.9211073886,5982736.0,0.0,104.53890000000001,0.5850425473881387,0.0,0.0,0.0,0.0,0.88115,0.488749452173606,0.21965,0.4980110310023263,0.6615,0.056035524446550834,0.0,0.0,16381209.85,140027.41365871823,0.0,0.0,0.0,0.0,0.0,0.0,16381209.85,140027.41365871823,686101587.975,2353110.1007099734,472650122.1000001,0.0,0.0,0.0,472650122.1000001,0.0,0.0,0.0,0.0,0.0,0.0,0.0,0.0,0.0,0.0,0.0,0.0,0.0,0.0,0.0,0.0,0.0,0.0,0.0,0.0,0.0,0.0,0.0,0.0,0.0,0.0,0.0,0.0,0.0,0.0,0.0,0.0,0.0,0.0,0.0,0.0,0.0,189195932.885,2353110.1007100046,0.0,0.0,0.0,0.0,0.0,0.0,24255532.99,0.0,3532177.7133333334,7360.101552961464,3500626.403333334,0.4478243703274173,0.0,0.0,31551.31,7360.0930705039345,2496858.1483333334,2746996.7849965882,450246.59,35107.25932199038,0.0,0.0,0.0,0.0,0.0,0.0,0.0,0.0,0.0,0.0,72332013.77,0.0,0.0,0.0,5307216.266666667,317846.22630961053,80586334.77499999,2599549.1118132463
BTCI11,1.0,127145.66666666667,20190.520861698114,126946.16666666667,20182.206404817753,142.16666666666666,7.7308904187465135,0.0,0.0,2.0,0.0,0.0,0.0,9.833333333333334,1.1690451944500124,0.3333333333333333,0.5163977794943223,1.3333333333333333,0.5163977794943223,0.6666666666666666,0.5163977794943223,0.0,0.0,0.0,0.0,24.833333333333332,2.3166067138525404,18.0,1.7888543819998315,0.0,0.0,0.3333333333333333,0.5163977794943223,1033907097.1383333,14496911.218157219,1021981110.5433334,12513129.463356148,99521172.0,0.0,10.268981666666667,0.12573340733896748,0.0,0.0,0.0,0.0,1.0994833333333334,1.1260562888535666,0.21038333333333334,1.2596930632763945,0.8891,0.23007278848225404,0.0,0.0,105455783.71,47682341.542277895,49.93,77.35122339045454,0.0,0.0,0.0,0.0,105455733.78000002,47682322.7151255,927149574.9200001,35498863.75362227,0.0,0.0,0.0,0.0,0.0,0.0,0.0,0.0,0.0,0.0,0.0,0.0,0.0,0.0,0.0,0.0,0.0,0.0,0.0,0.0,0.0,0.0,0.0,0.0,0.0,0.0,0.0,0.0,83932212.61333333,875941.8530251399,0.0,0.0,0.0,0.0,0.0,0.0,0.0,0.0,0.0,0.0,0.0,0.0,843217362.3066667,35680381.562589556,0.0,0.0,0.0,0.0,0.0,0.0,0.0,0.0,1301738.5083333333,65238.50816324739,0.0,0.0,0.0,0.0,1301738.5083333333,65238.50816324739,10200933.153333334,5625982.252342745,839992.3416666667,11318.101085297663,0.0,0.0,0.0,0.0,0.0,0.0,0.0,0.0,0.0,0.0,0.0,0.0,0.0,0.0,885061.1,18564.578351942193,11925986.594999999,5609926.452385766
BTLG11,1.0,242343.0,15907.609273552072,241799.83333333334,15831.054133148142,453.1666666666667,78.11124545586677,0.0,0.0,1.0,0.0,2.3333333333333335,0.5163977794943222,15.833333333333334,6.242328625334192,0.0,0.0,1.1666666666666667,0.983192080250175,0.0,0.0,0.0,0.0,0.0,0.0,25.0,2.280350850198276,44.666666666666664,5.00666222813829,0.0,0.0,0.0,0.0,2888728621.39,383314984.8415586,2564084614.8650002,383970658.64215887,26017386.666666668,3834636.6798977284,98.52112216666667,0.4224510632153311,0.0,0.0,0.0,0.0,0.8001666666666667,0.35508116630802405,0.08528333333333334,0.3382098840463813,0.7148833333333333,0.23317715511315995,0.0,0.0,597181349.75,391767015.0056047,0.0,0.0,0.0,0.0,0.0,0.0,597181349.75,391767015.0056047,2243390446.9866667,31128246.938638553,2097065195.2150002,31560297.412462916,0.0,0.0,2097065195.2150002,31560297.412462916,0.0,0.0,0.0,0.0,0.0,0.0,0.0,0.0,0.0,0.0,0.0,0.0,0.0,0.0,0.0,0.0,0.0,0.0,0.0,0.0,0.0,0.0,101686103.80166666,822836.4080066341,0.0,0.0,0.0,0.0,0.0,0.0,42037818.55,0.0,0.0,0.0,0.0,0.0,2601329.42,345500.37806283537,0.0,0.0,0.0,0.0,0.0,0.0,0.0,0.0,48156824.65333333,20909111.814717613,16403615.251666665,820763.264217145,20384664.0,22330280.59992698,11368545.401666665,6581249.742047518,11038768.443333333,10042343.079354964,1898515.985,285594.12792337104,0.0,0.0,44570779.626666665,2934641.848619755,0.0,0.0,0.0,0.0,227257678.57500002,127777.018123405,0.0,0.0,0.0,0.0,39878263.895,6128467.871757842,324644006.52500004,6539123.538196023
BTRA11,0.0,20782.166666666668,1319.954304764625,20703.333333333332,1313.4879773590121,63.5,7.867655305108375,1.0,0.0,0.8333333333333334,0.408248290463863,0.0,0.0,9.5,1.0488088481701519,0.0,0.0,0.0,0.0,0.0,0.0,0.0,0.0,0.0,0.0,0.0,0.0,3.3333333333333335,0.816496580927726,0.0,0.0,0.6666666666666666,0.5163977794943222,483711940.15000004,30361231.35195209,412054963.8533333,20195881.422770143,3364559.0,0.0,122.46923399999999,6.002534596867496,0.0,0.0,0.0,0.0,1.14115,2.81983619648376,0.8924499999999999,2.6825301823092316,0.2487,0.20325241449980364,16.43875,40.26654950917697,30505200.323333334,3066305.397669702,422.5566666666667,1030.3474720436143,0.0,0.0,0.0,0.0,30504777.766666666,3067083.7590599144,355541571.1616667,14756746.414406601,337541571.1616667,24141771.62222321,0.0,0.0,337541571.1616667,24141771.62222321,0.0,0.0,0.0,0.0,0.0,0.0,0.0,0.0,0.0,0.0,0.0,0.0,0.0,0.0,0.0,0.0,0.0,0.0,0.0,0.0,0.0,0.0,0.0,0.0,0.0,0.0,0.0,0.0,0.0,0.0,0.0,0.0,0.0,0.0,0.0,0.0,0.0,0.0,0.0,0.0,0.0,0.0,0.0,0.0,18000000.0,9699979.381421385,97665168.665,13598855.427014152,2559307.49,3037155.3911994747,95028652.66333334,12032902.255849482,77208.51166666667,23972.366925071387,2265684.813333333,3083572.9799243896,220055.47833333336,26512.982843544716,0.0,0.0,0.0,0.0,0.0,0.0,0.0,0.0,0.0,0.0,62568133.01333334,8423954.497924114,0.0,0.0,6603102.991666667,5490817.007150633,71656976.29666667,11777899.125036323
CPTS11,1.0,306223.0,43854.372840117096,305619.0,43830.33015161989,517.5,22.6163657557973,0.0,0.0,1.3333333333333333,0.5163977794943222,1.0,0.0,15.0,1.5491933384829668,1.8333333333333333,1.4719601443879746,1.3333333333333333,1.0327955589886446,0.0,0.0,0.0,0.0,0.0,0.0,33.333333333333336,1.0327955589886448,30.833333333333332,2.3166067138525404,0.0,0.0,1.8333333333333333,1.4719601443879746,3323424921.39,63206452.93917624,2870549000.1,44810447.18511259,317828140.0,0.0,9.031764666666666,0.1409896309445013,0.0,0.0,0.0,0.0,-13.854916666666666,37.34908423318658,-14.492116666666666,37.06682327361851,0.6372,0.29362426330260927,0.0,0.0,20843272.499999996,26263327.186678585,5000937.108333333,10159673.917389419,0.0,0.0,0.0,0.0,15842335.391666666,26488706.971907966,3236557999.8933334,61197523.0453019,0.0,0.0,0.0,0.0,0.0,0.0,0.0,0.0,0.0,0.0,0.0,0.0,0.0,0.0,0.0,0.0,0.0,0.0,0.0,0.0,0.0,0.0,0.0,0.0,0.0,0.0,0.0,0.0,940762631.6966667,37877648.99412755,0.0,0.0,1697138.11,1315286.9716710183,0.0,0.0,0.0,0.0,0.0,0.0,0.0,0.0,2294098230.0866666,58714570.63685393,0.0,0.0,0.0,0.0,0.0,0.0,0.0,0.0,66023648.99666666,61144122.89085617,0.0,0.0,0.0,0.0,66023648.99666666,61144122.89085617,6345904.656666666,9886739.460303757,2251670.518333333,126510.57679725646,0.0,0.0,0.0,0.0,0.0,0.0,0.0,0.0,0.0,0.0,0.0,0.0,0.0,0.0,444278346.115,94368408.93385726,452875921.28999996,94956616.39410917
HCTR11,0.0,193634.33333333334,7861.5910009785375,159434.0,78339.66902917066,193.66666666666666,95.59218936014943,0.0,0.0,0.8333333333333334,0.408248290463863,0.0,0.0,13.5,6.6558245169174945,0.0,0.0,0.8333333333333334,0.408248290463863,0.0,0.0,0.0,0.0,0.0,0.0,6.666666666666667,3.3862466931200785,3.3333333333333335,1.7511900715418263,0.0,0.0,2.5,1.224744871391589,2495070242.133333,21470103.3451424,2494226846.003333,21489273.08564212,22084202.904,0.0,112.94167399999999,0.9730606122543427,0.0,0.0,0.0,0.0,-0.06216666666666667,1.458628394988479,-0.3519666666666667,1.4617853613532552,0.28978333333333334,0.09670144604227315,0.0,0.0,49505894.01166666,20787828.46095765,1184.1299999999999,401.58234697257285,0.0,0.0,0.0,0.0,49504709.88166667,20788209.542300466,2419121675.8083334,22587509.483205173,0.0,0.0,0.0,0.0,0.0,0.0,0.0,0.0,0.0,0.0,0.0,0.0,0.0,0.0,0.0,0.0,0.0,0.0,0.0,0.0,0.0,0.0,0.0,0.0,0.0,0.0,0.0,0.0,444561993.41499996,1809483.849117698,0.0,0.0,0.0,0.0,0.0,0.0,0.0,0.0,0.0,0.0,0.0,0.0,1974559682.3933334,23514469.55889938,0.0,0.0,0.0,0.0,0.0,0.0,0.0,0.0,26442672.313333333,6279062.694161188,0.0,0.0,0.0,0.0,26442672.313333333,6279062.694161188,0.9333333333333332,2.2861904265976327,41753.079999999994,9105.732558044958,0.0,0.0,0.0,0.0,0.0,0.0,0.0,0.0,0.0,0.0,0.0,0.0,0.0,0.0,801642.1166666667,156989.62783782935,843396.13,165969.64261017446
HGCR11,1.0,101737.5,3460.6745440737423,33082.333333333336,51311.75020856984,100.16666666666667,155.52802534162987,0.0,0.0,0.5,0.8366600265340756,0.0,0.0,1.8333333333333333,2.9944392908634274,0.8333333333333334,1.3291601358251257,0.0,0.0,0.0,0.0,0.0,0.0,0.0,0.0,6.0,9.38083151964686,6.833333333333333,10.59087657687817,0.0,0.0,2.8333333333333335,4.4907311951024935,1712830067.2466667,16275452.253667857,1579812242.5600002,17428400.906728014,15418106.0,0.0,102.4647415,1.1303852956008802,0.0,0.0,0.0026333333333333334,0.00015055453054181614,0.9095666666666666,0.9506684146781498,-0.14578333333333335,0.9320168676942853,1.05535,0.0667029759456054,0.0,0.0,45256787.66166667,11465911.573023822,4999.993333333333,0.04926120853831697,0.0,0.0,0.0,0.0,45251787.66833333,11465911.579766091,1666617453.0616665,17603040.341260977,0.0,0.0,0.0,0.0,0.0,0.0,0.0,0.0,0.0,0.0,0.0,0.0,0.0,0.0,0.0,0.0,0.0,0.0,0.0,0.0,0.0,0.0,0.0,0.0,0.0,0.0,0.0,0.0,220124297.14499998,3402685.7259662542,0.0,0.0,0.0,0.0,0.0,0.0,0.0,0.0,0.0,0.0,0.0,0.0,1446493155.9166667,15769263.808353074,0.0,0.0,0.0,0.0,0.0,0.0,0.0,0.0,955826.5233333333,224780.7951365455,0.0,0.0,0.0,0.0,955826.5233333333,224780.7951365455,16702952.5,1160628.267855556,1079538.2616666667,64686.39706021586,248871.29166666666,168236.12150568716,0.0,0.0,0.0,0.0,0.0,0.0,0.0,0.0,0.0,0.0,0.0,0.0,114986462.63333333,10194798.665909708,133017824.68666667,9515070.679982143
HGFF11,0.0,16361.0,694.9382706399181,5382.666666666667,8352.41566654023,14.333333333333334,22.214109630292786,0.0,0.0,0.3333333333333333,0.816496580927726,0.0,0.0,0.8333333333333334,1.3291601358251257,0.0,0.0,0.0,0.0,0.0,0.0,0.0,0.0,0.0,0.0,1.8333333333333333,2.857738033247041,4.5,6.978538528947161,0.0,0.0,1.5,3.2093613071762426,273010997.205,8075484.998821166,267419357.8633333,4433712.152251063,2863597.0,0.0,93.3858215,1.548301660706817,0.0,0.0,0.0028333333333333335,0.00018618986725025258,0.8469333333333333,1.8662823652027223,0.09656666666666662,1.85963555210871,0.7503666666666667,0.012014435761477397,0.0,0.0,16969184.349999998,4271390.699589813,4999.998333333333,0.0040824829045272406,3953098.5483333333,52836.697459024916,0.0,0.0,13011085.803333333,4303164.696337463,254964072.48833334,4924184.158111323,0.0,0.0,0.0,0.0,0.0,0.0,0.0,0.0,0.0,0.0,0.0,0.0,0.0,0.0,0.0,0.0,0.0,0.0,0.0,0.0,0.0,0.0,0.0,0.0,0.0,0.0,0.0,0.0,253746449.35833335,4256194.927227242,0.0,0.0,0.0,0.0,0.0,0.0,0.0,0.0,0.0,0.0,0.0,0.0,1217623.13,1886333.6611701606,0.0,0.0,0.0,0.0,0.0,0.0,0.0,0.0,1077740.3666666667,1189961.1202249085,0.0,0.0,0.0,0.0,1077740.3666666667,1189961.1202249085,2004517.8999999997,0.0,160536.56999999998,9805.932979858671,934821.4566666667,373465.33149306796,0.0,0.0,0.0,0.0,0.0,0.0,0.0,0.0,0.0,0.0,0.0,0.0,2491763.415,5594658.216250562,5591639.341666666,5858041.694514561
HGLG11,1.0,426338.6666666667,20659.4779959869,141798.83333333334,219878.90300291812,188.5,292.12993684317945,0.0,0.0,0.5,0.8366600265340756,0.0,0.0,6.166666666666667,9.558591249063152,0.6666666666666666,1.0327955589886446,0.8333333333333334,1.3291601358251257,0.0,0.0,0.0,0.0,0.0,0.0,6.333333333333333,9.83192080250175,15.166666666666666,24.596070146807328,0.0,0.0,3.0,4.690415759823429,6069926138.47,74939174.09034343,5234762585.25,85394526.21060956,33787575.0,0.0,154.93158616666668,2.527394334507355,0.0,0.0,0.0026333333333333334,0.0001751190071541826,1.2481,1.4908570394239682,0.53425,1.4878659519593826,0.71385,0.009255214746293022,0.0,0.0,188147585.75333333,37765966.81328446,1619756.1283333332,783683.9065157903,0.0,0.0,0.0,0.0,186527829.625,37550582.2761114,5764135377.528333,117866576.33073628,4555087946.77,109258842.39963372,0.0,0.0,4504246543.961667,97837106.11146884,50841402.80833334,12506408.485886434,0.0,0.0,0.0,0.0,0.0,0.0,0.0,0.0,0.0,0.0,0.0,0.0,0.0,0.0,0.0,0.0,0.0,0.0,0.0,0.0,392759358.4283333,4137069.3134740368,0.0,0.0,0.0,0.0,0.0,0.0,62248602.92333334,205.1080340360706,0.0,0.0,0.0,0.0,255200819.64166665,2421815.052211056,0.0,0.0,498838649.76500005,8468871.297974613,0.0,0.0,0.0,0.0,117643175.18833333,34451425.575703114,34052576.925000004,3294099.787896794,39450470.48166666,19774513.991230488,44140127.781666666,23806626.496357094,37166332.5,0.0,2718740.018333333,180692.365511051,0.0,0.0,118540381.76499999,33607500.37445698,0.0,0.0,22179.45,37113.31845102241,652243823.5500001,1953083.710098352,0.0,0.0,7183.106666666667,11128.020997612588,24464912.83,9243716.212305952,835163553.2199999,25930629.80224787
HGRE11,0.0,148508.33333333334,2101.6491302466848,49078.5,76033.36866337043,60.166666666666664,93.21033562146779,0.0,0.0,0.3333333333333333,0.5163977794943222,0.0,0.0,1.8333333333333333,2.857738033247041,0.3333333333333333,0.5163977794943222,0.0,0.0,0.0,0.0,0.0,0.0,0.0,0.0,4.333333333333333,6.713171133426189,5.5,8.526429498916883,0.0,0.0,2.3333333333333335,3.669695718539436,1904304056.945,11462460.259088269,1819879673.4583333,10122977.819876088,11817767.0,0.0,153.99522366666667,0.8565894965904444,0.0,0.0,0.0025499999999999997,0.00013784048752090222,0.3290666666666667,0.15819507788381618,-0.22164999999999999,0.26616957564680455,0.5507166666666666,0.11074284476509831,0.0,0.0,46224657.975,11183479.772586783,130165.20333333332,135349.67253420848,0.0,0.0,0.0,0.0,46094492.77166667,11209234.22936366,1822135021.0866668,1788289.4834741123,1822133517.5466669,1788289.4834741123,0.0,0.0,1822133517.5466669,1788289.4834741123,0.0,0.0,0.0,0.0,0.0,0.0,0.0,0.0,0.0,0.0,0.0,0.0,0.0,0.0,0.0,0.0,0.0,0.0,0.0,0.0,0.0,0.0,0.0,0.0,0.0,0.0,0.0,0.0,0.0,0.0,1000.54,0.0,503.0,0.0,0.0,0.0,0.0,0.0,0.0,0.0,0.0,0.0,0.0,0.0,0.0,0.0,35944377.88333333,16273322.191094236,10604155.685,737169.3792051882,22301512.046666667,16051330.943615675,3038710.151666667,425836.08662882337,10045101.950000001,2026324.9334371071,1249379.4783333333,73755.31986029334,0.0,0.0,0.0,0.0,166666.66666666666,408248.29046386306,0.0,0.0,64731987.88666666,1627154.0517951802,0.0,0.0,59309.93,64970.773090104754,8171937.575,668159.6882618403,84424383.48666666,2560116.2114440203
KNCR11,1.0,288756.8333333333,20130.02241843427,99672.5,154560.4012595076,138.83333333333334,215.14684907445582,0.0,0.0,0.6666666666666666,1.0327955589886444,0.0,0.0,8.166666666666666,12.655697004379753,0.3333333333333333,0.5163977794943222,0.6666666666666666,1.0327955589886444,0.0,0.0,0.0,0.0,0.0,0.0,9.0,14.296852800529214,11.5,17.885748516626304,0.0,0.0,0.0,0.0,6246219460.311666,10580226.753843205,5761507842.158333,4130975.3499937705,57097087.0,0.0,100.90721166666667,0.07234990322775989,0.0,0.0,0.0066500000000000005,0.0003507135583350033,1.0873333333333333,0.1471375093803979,0.0005166666666666673,0.0928425638738325,1.0868166666666665,0.07526160818549296,0.0,0.0,269254437.7366667,66920231.556266055,108899.52166666667,159613.67903871968,269145538.215,67011686.51317988,0.0,0.0,0.0,0.0,5976950184.75,65912425.759405226,0.0,0.0,0.0,0.0,0.0,0.0,0.0,0.0,0.0,0.0,0.0,0.0,0.0,0.0,0.0,0.0,0.0,0.0,0.0,0.0,0.0,0.0,0.0,0.0,0.0,0.0,0.0,0.0,0.0,0.0,0.0,0.0,0.0,0.0,0.0,0.0,0.0,0.0,0.0,0.0,0.0,0.0,5954070768.251667,99956517.65731572,0.0,0.0,22879416.498333335,42527868.71611497,0.0,0.0,0.0,0.0,14837.824999999999,10974.542297876025,0.0,0.0,0.0,0.0,14837.824999999999,10974.542297876025,62636407.02666666,4327006.205277773,4724191.076666667,227361.03399415917,0.0,0.0,0.0,0.0,0.0,0.0,0.0,0.0,0.0,0.0,0.0,0.0,0.0,0.0,417351020.05,3906687.4899046253,484711618.15333337,8126174.741613207
KNIP11,1.0,73458.83333333333,2415.8674149602425,36448.166666666664,39972.7700186848,88.33333333333333,97.73569801595866,0.0,0.0,1.0,1.0954451150103321,0.0,0.0,11.166666666666666,12.270560976038,0.5,0.5477225575051661,4.0,4.381780460041329,0.0,0.0,0.0,0.0,0.0,0.0,19.333333333333332,21.26656217320201,29.833333333333332,33.50472603479495,0.0,0.0,1.3333333333333333,1.505545305418162,8522402178.508334,114565504.69546203,7870957040.94,106235203.5803124,80078186.0,0.0,98.290901,1.3266434716347884,0.0,0.0,0.0,0.0,1.0131166666666667,1.522628707750733,0.32015,1.4721263013070582,0.6929666666666666,0.10846561974499876,0.0,0.0,287272533.6033333,156398875.85635045,39860.74833333333,3880.232067489863,287232672.855,156401026.9724435,0.0,0.0,0.0,0.0,8233429509.271667,233969614.78252217,0.0,0.0,0.0,0.0,0.0,0.0,0.0,0.0,0.0,0.0,0.0,0.0,0.0,0.0,0.0,0.0,0.0,0.0,0.0,0.0,0.0,0.0,0.0,0.0,0.0,0.0,0.0,0.0,21729632.406666666,2854600.1051908387,0.0,0.0,0.0,0.0,0.0,0.0,0.0,0.0,0.0,0.0,0.0,0.0,8106559333.57,231095696.45965475,0.0,0.0,105140543.295,151160884.957275,0.0,0.0,0.0,0.0,1700135.6333333335,13847.759774243186,0.0,0.0,0.0,0.0,1700135.6333333335,13847.759774243186,54319873.836666666,8172945.634486811,6409382.484999999,184990.1073956871,0.0,0.0,0.0,0.0,0.0,0.0,0.0,0.0,0.0,0.0,0.0,0.0,0.0,0.0,590715881.2466667,40331849.27106285,651445137.5683333,37114981.44692096
KNSC11,1.0,141005.33333333334,11199.186285916792,47301.5,73532.2318979915,98.16666666666667,152.31863532301838,0.0,0.0,0.6666666666666666,1.0327955589886446,0.0,0.0,2.8333333333333335,4.490731195102493,0.0,0.0,0.0,0.0,0.0,0.0,0.0,0.0,0.0,0.0,5.166666666666667,8.0601902376226,6.0,9.380831519646858,0.0,0.0,1.8333333333333333,2.857738033247041,1323416502.6733334,4389202.51992956,1202371114.9166667,3843195.200429963,132757940.0,0.0,9.056867833333333,0.028948648579280423,0.0,0.0,0.006383333333333334,0.00033115957885386125,0.9651166666666667,0.5625370011534055,0.09955000000000001,0.6291229919499048,0.8655666666666667,0.08103502123567725,0.0,0.0,66581818.42666667,19557513.55444179,41743.378333333334,39755.28045733066,66540075.04833334,19550976.510797624,0.0,0.0,0.0,0.0,1253823506.5483334,21716657.206528097,0.0,0.0,0.0,0.0,0.0,0.0,0.0,0.0,0.0,0.0,0.0,0.0,0.0,0.0,0.0,0.0,0.0,0.0,0.0,0.0,0.0,0.0,0.0,0.0,0.0,0.0,0.0,0.0,8947066.88,953005.8194006822,0.0,0.0,0.0,0.0,0.0,0.0,0.0,0.0,0.0,0.0,0.0,0.0,1244876439.6683333,21271594.54854935,0.0,0.0,0.0,0.0,0.0,0.0,0.0,0.0,3011177.6983333337,2372112.291782338,0.0,0.0,0.0,0.0,3011177.6983333337,2372112.291782338,10399371.966666667,999365.4666199295,1144638.5566666666,67191.3103552356,0.0,0.0,0.0,0.0,0.0,0.0,0.0,0.0,0.0,0.0,0.0,0.0,0.0,0.0,109501377.23333333,4632703.589626531,121045387.75666666,4392387.104158161
RBRF11,1.0,108786.0,2336.761776476155,108354.0,2336.3063155331324,377.1666666666667,7.652886165798275,0.0,0.0,1.5,0.5477225575051662,0.8333333333333334,0.983192080250175,6.333333333333333,0.8164965809277259,0.5,0.5477225575051661,4.0,0.0,0.0,0.0,0.0,0.0,0.0,0.0,12.666666666666666,2.7325202042558927,28.5,8.549853799919621,0.0,0.0,0.5,0.5477225575051661,1208484928.6183333,19120648.216876473,1199021529.3083334,15962252.84551485,34201925.0,50266358.68256373,74.19414166666667,31.961282582738317,0.0,0.0,0.0,0.0,-14.616133333333336,36.79629513490002,-15.1303,36.582624165086905,0.5141666666666667,0.22398528225458625,0.0,0.0,45049422.26833334,38051020.7361439,66.16666666666667,102.50934916712069,35587115.458333336,37303487.63468269,0.0,0.0,9462240.643333333,22116484.279881198,1160244707.7533333,23731191.452000797,0.0,0.0,0.0,0.0,0.0,0.0,0.0,0.0,0.0,0.0,0.0,0.0,0.0,0.0,0.0,0.0,0.0,0.0,0.0,0.0,0.0,0.0,0.0,0.0,0.0,0.0,0.0,0.0,1018047696.9233333,14663589.475568818,0.0,0.0,0.0,0.0,0.0,0.0,0.0,0.0,0.0,0.0,0.0,0.0,142197010.83,18289586.690785766,0.0,0.0,0.0,0.0,0.0,0.0,0.0,0.0,3190798.596666666,3491699.736735107,0.0,0.0,0.0,0.0,3190798.596666666,3491699.736735107,3924552.313333334,4312197.267081875,859548.4049999999,38776.432827492936,0.0,0.0,0.0,0.0,0.0,0.0,0.0,0.0,0.0,0.0,0.0,0.0,0.0,0.0,4679298.591666667,4288965.235172076,9463399.31,6485610.091482683
RBRP11,0.0,88546.83333333333,1702.2020346206443,14354.833333333334,35162.01700936206,27.666666666666668,67.76921621700126,0.0,0.0,0.3333333333333333,0.816496580927726,0.0,0.0,2.0,4.898979485566356,0.16666666666666666,0.408248290463863,0.0,0.0,0.0,0.0,0.0,0.0,0.0,0.0,1.8333333333333333,4.4907311951024935,8.333333333333334,20.412414523193153,0.0,0.0,0.0,0.0,999264046.2316667,9152210.466822911,988371573.5616666,18014779.40794068,12179186.9381,0.0,81.15250883333333,1.4791447022978448,0.0,0.0,0.0,0.0,-0.6149333333333334,1.880293889440336,-0.7402000000000001,1.9618966415181,0.12526666666666667,0.1953278645423296,0.0,0.0,13359269.833333334,4803368.888459277,35706.378333333334,80455.2397794561,9631272.25,5734224.94959404,0.0,0.0,3692291.205,1516025.3274752325,960440125.2266666,16353373.54082614,709390124.5983334,18741710.16786927,3960333.3333333335,6135322.018172043,705429791.265,15544205.929310914,0.0,0.0,0.0,0.0,0.0,0.0,0.0,0.0,0.0,0.0,0.0,0.0,0.0,0.0,0.0,0.0,0.0,0.0,0.0,0.0,0.0,0.0,201176338.57333335,11243735.233355274,0.0,0.0,0.0,0.0,0.0,0.0,29565469.331666667,10878580.951004326,0.0,0.0,0.0,0.0,18622439.55666667,2628683.378293308,0.0,0.0,1685753.1666666667,2611598.4194246726,0.0,0.0,0.0,0.0,25464651.171666667,14574276.230559869,2539464.3683333336,202567.7972740406,21557061.393333334,14370854.167667067,1368125.41,1313968.495011939,1238217.3383333331,1927879.7612075098,368032.2833333334,54350.5080711048,0.0,0.0,0.0,0.0,0.0,0.0,0.0,0.0,0.0,0.0,0.0,0.0,0.0,0.0,9286223.048333332,10172092.586747136,10892472.67,12065576.998155357
RBRR11,1.0,138649.0,1640.502727824614,138239.0,1637.1674318773853,347.0,12.884098726725126,0.0,0.0,1.1666666666666667,0.408248290463863,0.0,0.0,9.0,0.6324555320336759,0.6666666666666666,1.0327955589886444,0.6666666666666666,1.2110601416389966,0.0,0.0,0.6666666666666666,0.5163977794943222,0.0,0.0,18.166666666666668,2.4013884872437172,31.333333333333332,3.0110906108363245,0.0,0.0,1.3333333333333333,2.065591117977289,1429346068.4866667,58281283.13433099,1346404498.8616667,90347686.99062784,14248054.5,886375.580752708,94.47637333333334,0.9197119557104153,0.0,0.0,0.0,0.0,0.5845333333333333,1.2476227854069781,-0.10270000000000001,1.299950415977471,0.6872333333333334,0.10342055243841364,0.0,0.0,59982301.475,42781761.026435256,98.38,107.82831910031798,46429433.375,50917335.95890335,0.0,0.0,13552769.719999999,20995868.63030633,1367854469.6499999,43729905.023398705,0.0,0.0,0.0,0.0,0.0,0.0,0.0,0.0,0.0,0.0,0.0,0.0,0.0,0.0,0.0,0.0,0.0,0.0,0.0,0.0,0.0,0.0,0.0,0.0,0.0,0.0,0.0,0.0,65887027.21666667,9495124.183425093,0.0,0.0,0.0,0.0,0.0,0.0,0.0,0.0,0.0,0.0,0.0,0.0,1301967442.4333334,43025203.42803753,0.0,0.0,0.0,0.0,0.0,0.0,0.0,0.0,1509297.3616666666,2738828.740300053,0.0,0.0,0.0,0.0,1509297.3616666666,2738828.740300053,8405756.926666668,6587719.5406644335,1049534.885,35626.38695384507,0.0,0.0,0.0,0.0,0.0,0.0,0.0,0.0,0.0,0.0,0.0,0.0,0.0,0.0,73486277.81333333,40487989.99568877,82941569.625,41629427.09870924
RBRY11,1.0,44352.5,7666.768100053633,44137.0,7602.849413213443,156.66666666666666,52.3819307267942,0.0,0.0,1.3333333333333333,0.5163977794943222,0.6666666666666666,0.816496580927726,5.166666666666667,0.752772652709081,0.5,0.5477225575051661,0.5,0.5477225575051661,0.0,0.0,0.5,0.5477225575051661,0.0,0.0,22.0,4.516635916254486,26.666666666666668,8.35862827661732,0.0,0.0,1.5,1.760681686165901,778833994.6683334,241015663.60293874,767617874.785,242557111.76133797,7795705.5,2463548.1623144085,98.469111,0.5428471352909543,0.0,0.0,0.0,0.0,1.0576166666666666,0.9577478653939495,0.05418333333333331,0.9217522843295083,1.0034333333333334,0.14714435995533998,0.0,0.0,101794062.93166667,120853461.64310159,333584.02499999997,816623.5910533722,101456697.12833333,120150545.47137445,0.0,0.0,3781.778333333333,9263.427236979662,675056906.525,170639605.34267256,0.0,0.0,0.0,0.0,0.0,0.0,0.0,0.0,0.0,0.0,0.0,0.0,0.0,0.0,0.0,0.0,0.0,0.0,0.0,0.0,0.0,0.0,0.0,0.0,0.0,0.0,0.0,0.0,78608893.14333333,30902981.363141805,0.0,0.0,0.0,0.0,0.0,0.0,0.0,0.0,0.0,0.0,0.0,0.0,577908509.7433333,118062601.97931764,0.0,0.0,18539503.638333336,28721685.687029377,0.0,0.0,0.0,0.0,1983025.2116666667,4832722.598960616,0.0,0.0,0.0,0.0,1983025.2116666667,4832722.598960616,4058742.295,4570155.714175673,835981.5383333334,251607.36994684584,2777980.5516666663,960396.9748742385,0.0,0.0,0.0,0.0,0.0,0.0,0.0,0.0,0.0,0.0,0.0,0.0,3543415.4983333335,6397472.852440099,11216119.883333333,6797984.327277986
RECT11,0.0,69854.0,1822.7169829680101,23253.5,36035.14848450052,29.166666666666668,45.18591225887408,0.0,0.0,0.16666666666666666,0.408248290463863,0.0,0.0,0.5,0.8366600265340756,0.0,0.0,0.0,0.0,0.0,0.0,0.0,0.0,0.0,0.0,2.0,3.1622776601683795,0.3333333333333333,0.5163977794943223,0.0,0.0,0.0,0.0,977140428.21,2840998.7791133346,789230221.1616668,2340736.7323439927,8543493.0,0.0,92.37793233333333,0.27397886365606305,0.0,0.0,0.0,0.0,0.3362833333333333,0.23372889779970868,-0.0963,0.23361903175897292,0.4325833333333333,0.0009453394452082487,0.0,0.0,1682294.6033333335,250313.7153898687,1659.6533333333334,511.2251177971077,0.0,0.0,0.0,0.0,1680634.95,250056.64287340103,958695370.9366666,2721594.093636873,957380714.4716667,2327013.623853256,0.0,0.0,957380714.4716667,2327013.623853256,0.0,0.0,0.0,0.0,0.0,0.0,0.0,0.0,0.0,0.0,0.0,0.0,0.0,0.0,0.0,0.0,0.0,0.0,0.0,0.0,0.0,0.0,0.0,0.0,0.0,0.0,0.0,0.0,0.0,0.0,0.0,0.0,0.0,0.0,0.0,0.0,1314656.465,516144.235344258,0.0,0.0,0.0,0.0,0.0,0.0,0.0,0.0,16762762.670000002,368381.55444738676,11209237.176666668,422365.2270527137,0.0,0.0,5553525.493333333,149320.6853505394,3417426.4000000004,71.52510048909771,55357.658333333326,6486.35582346333,0.0,0.0,0.0,0.0,0.0,0.0,248367.80166666667,257102.09955818448,181913580.78833333,757197.5396536095,0.0,0.0,0.0,0.0,2275474.4,109021.12272805741,187910207.04833332,790442.2113483954
SNCI11,0.0,43618.166666666664,418.38518934908143,43549.833333333336,416.0107771039908,51.0,2.0976176963403037,0.0,0.0,1.0,0.0,1.0,0.0,2.8333333333333335,0.752772652709081,0.0,0.0,0.0,0.0,0.0,0.0,0.0,0.0,0.0,0.0,9.166666666666666,1.7224014243685084,3.3333333333333335,0.5163977794943222,0.0,0.0,0.0,0.0,455659175.33166665,24186066.738461293,417585123.625,5530106.439335399,4200000.0,0.0,99.4250295,1.3166918220085813,0.0,0.0,0.0,0.0,1.0242333333333333,1.3176203909573754,0.11329999999999996,1.2746752229489675,0.9109333333333334,0.15266703202285248,0.0,0.0,16311936.835,6400762.506491502,1000118.15,2449779.149996288,0.0,0.0,0.0,0.0,15311818.685,5414960.241024333,439320349.5516667,26293419.81339841,0.0,0.0,0.0,0.0,0.0,0.0,0.0,0.0,0.0,0.0,0.0,0.0,0.0,0.0,0.0,0.0,0.0,0.0,0.0,0.0,0.0,0.0,0.0,0.0,0.0,0.0,0.0,0.0,53540748.31666666,4549267.118075181,0.0,0.0,0.0,0.0,0.0,0.0,0.0,0.0,0.0,0.0,0.0,0.0,385779601.23499995,24094795.07157746,0.0,0.0,0.0,0.0,0.0,0.0,0.0,0.0,26888.945000000003,44067.82428159064,0.0,0.0,0.0,0.0,26888.945000000003,44067.82428159064,1542712.2616666667,2405249.911377213,313968.04833333334,918.5294244261578,0.0,0.0,0.0,0.0,0.0,0.0,0.0,0.0,0.0,0.0,0.0,0.0,0.0,0.0,36217371.39666667,21104839.895435818,38074051.70666667,21286633.854782138
TORD11,0.0,95130.5,3521.6014964785554,78288.83333333333,38416.64952812343,43.333333333333336,21.275964529643932,0.0,0.0,2.3333333333333335,1.2110601416389966,0.0,0.0,1.6666666666666667,1.0327955589886444,0.0,0.0,0.0,0.0,0.0,0.0,0.0,0.0,0.0,0.0,2.1666666666666665,1.1690451944500122,0.8333333333333334,0.408248290463863,0.0,0.0,1.6666666666666667,0.816496580927726,444892817.0116667,2718172.6257418194,444689947.9866667,2759423.2625862285,35051354.8112,0.0,12.686812166666668,0.07872515052362138,0.0,0.0,0.0,0.0,0.3265833333333334,0.674174373338728,0.3265833333333334,0.674174373338728,0.0,0.0,0.0,0.0,2163549.893333333,309547.72249381425,37695.443333333336,17851.578205490594,141008.63999999998,202015.0196333638,0.0,0.0,1984845.8100000003,144260.60181234218,440280240.76,2628226.533015287,150248.48,0.0,0.0,0.0,0.0,0.0,0.0,0.0,150248.48,0.0,0.0,0.0,0.0,0.0,0.0,0.0,0.0,0.0,0.0,0.0,0.0,0.0,0.0,0.0,0.0,0.0,0.0,0.0,150110016.96166667,282176.1073077255,0.0,0.0,0.0,0.0,0.0,0.0,205786624.53,0.0,0.0,0.0,0.0,0.0,84233350.78833334,2773435.2443841463,0.0,0.0,0.0,0.0,0.0,0.0,0.0,0.0,2449026.3583333334,524864.1528442715,0.0,0.0,992994.46,171713.91693276883,1456031.8983333334,545216.3467762157,0.0,0.0,127221.58666666667,59459.903515111975,0.0,0.0,0.0,0.0,0.0,0.0,0.0,0.0,0.0,0.0,0.0,0.0,0.0,0.0,75647.43833333334,46093.127436225644,202869.025,69982.28081241528
TRXF11,1.0,108000.66666666667,5920.012353590717,34762.0,53906.88537840041,69.16666666666667,108.1784020341707,0.0,0.0,0.6666666666666666,1.0327955589886446,0.3333333333333333,0.5163977794943223,2.8333333333333335,4.400757510550504,0.0,0.0,0.0,0.0,0.0,0.0,0.0,0.0,0.0,0.0,2.6666666666666665,4.1311822359545785,9.5,14.720733677368122,0.0,0.0,0.0,0.0,2220273155.9533334,78767232.89579338,1331673171.9266665,51817576.546317674,12844196.333333334,659576.2934280356,103.7392595,1.5871308937666997,0.0,0.0,0.0,0.0,0.8593500000000001,1.8853760216466104,-0.02728333333333338,1.8614742011821346,0.8866333333333333,0.025380438661825107,0.0,0.0,42171188.13666667,59720389.37394391,3715892.678333333,9096617.962881168,0.0,0.0,0.0,0.0,38455295.458333336,50881871.968894154,2114488148.7333333,29587982.975612663,992930410.1033334,8015641.561378358,0.0,0.0,706059477.145,10432438.185655741,219675932.95833334,14288722.337442812,0.0,0.0,0.0,0.0,67195000.0,0.0,0.0,0.0,0.0,0.0,0.0,0.0,0.0,0.0,0.0,0.0,0.0,0.0,0.0,0.0,430783924.815,27840834.836384453,0.0,0.0,0.0,0.0,0.0,0.0,675629457.8633333,24523.02871996897,0.0,0.0,0.0,0.0,15144355.951666668,7664121.249788559,0.0,0.0,0.0,0.0,0.0,0.0,0.0,0.0,63613819.083333336,1925815.3313333704,10987638.34,2644951.41578649,26473183.333333332,1554633.1727023793,26152997.41,4732612.155389322,11806817.910000002,425614.6156604411,1120960.425,67892.81539768874,0.0,0.0,74367563.2,16010378.01040306,0.0,0.0,0.0,0.0,655211256.0483333,15539740.091055296,0.0,0.0,0.0,0.0,146093386.44333333,74105027.33196199,888599984.0266666,82372389.70697346
TVRI11,1.0,71989.16666666667,1886.0406588052833,36431.333333333336,39921.132597493604,111.83333333333333,173.25405238165908,0.0,0.0,0.5,0.5477225575051661,53.5,131.04770123890003,1.8333333333333333,2.857738033247041,0.16666666666666666,0.408248290463863,2.6666666666666665,4.320493798938573,0.0,0.0,0.0,0.0,0.0,0.0,5.333333333333333,6.377042156569663,6.833333333333333,8.158839786799755,0.0,0.0,1.6666666666666667,4.0824829046386295,1604579464.405,10860550.549581949,1586769925.5216668,15460486.817380542,15919690.0,0.0,99.67341850000001,0.9711550001835478,0.0,0.0,0.00315,0.0013003845585056752,1.1847833333333333,0.7768776001833666,0.2512,0.7471322667372894,0.9335999999999999,0.030819993510706602,0.0,0.0,57126034.39333334,3672257.0150488457,726.1983333333334,1130.6777242064454,0.0,0.0,0.0,0.0,57125308.195,3671968.760161815,1516784353.6033335,16440128.081126569,1508823604.7516668,15802016.424108913,0.0,0.0,1255428236.6866667,615208670.823872,0.0,0.0,253395368.06500003,620689354.9439856,0.0,0.0,0.0,0.0,0.0,0.0,0.0,0.0,0.0,0.0,0.0,0.0,0.0,0.0,0.0,0.0,0.0,0.0,0.0,0.0,0.0,0.0,0.0,0.0,0.0,0.0,0.0,0.0,0.0,0.0,0.0,0.0,7960748.851666667,1777857.107239016,0.0,0.0,0.0,0.0,0.0,0.0,0.0,0.0,30669076.40833333,23580271.368241046,15594549.066666668,339887.029395705,15068357.343333334,23343939.63310809,6169.998333333333,14854.59483999805,13173721.671666667,5979906.304442953,289571.52,143782.4256921095,0.0,0.0,0.0,0.0,0.0,0.0,0.0,0.0,0.0,0.0,0.0,0.0,702845.4416666668,1721612.7001244128,3643400.25,36220.89577314222,17809538.883333333,6419172.294926516
VINO11,1.0,138422.83333333334,8808.368643890122,47687.0,73916.60392361111,38.333333333333336,59.6008948478684,0.0,0.0,0.6666666666666666,1.0327955589886444,0.0,0.0,2.5,3.8858718455450894,0.0,0.0,0.3333333333333333,0.5163977794943222,0.0,0.0,0.0,0.0,0.0,0.0,2.1666666666666665,3.3714487489307423,4.833333333333333,7.494442385305706,0.0,0.0,0.6666666666666666,1.0327955589886444,1416918489.7250001,6861082.290678124,897932567.6583333,2206659.200651271,71782789.0,27050954.671364482,18.090314,17.772722126186277,0.0,0.0,0.0,0.0,0.43405000000000005,0.3924582258024413,-0.04249999999999999,0.3189994169273668,0.47655000000000003,0.17988300364403523,0.0,0.0,26295664.735,5652091.889294222,10339298.568333333,1555299.8284834642,0.0,0.0,0.0,0.0,15956366.166666666,5039329.778116634,1362898580.0733333,1239251.918714676,1350481461.8666666,1490853.963503477,0.0,0.0,1350481461.8666666,1490853.963503477,0.0,0.0,0.0,0.0,0.0,0.0,0.0,0.0,0.0,0.0,0.0,0.0,0.0,0.0,0.0,0.0,0.0,0.0,0.0,0.0,0.0,0.0,12417118.206666669,1660116.561779158,0.0,0.0,0.0,0.0,0.0,0.0,0.0,0.0,0.0,0.0,0.0,0.0,0.0,0.0,0.0,0.0,0.0,0.0,0.0,0.0,0.0,0.0,27724244.916666668,1622628.3798934163,7025168.833333333,1843717.801850426,0.0,0.0,20699076.083333332,670530.6101965923,4941968.935,124698.7396024298,680932.6816666666,89104.38801795738,0.0,0.0,50902209.44166666,3085601.395392797,0.0,0.0,775870.9433333334,198654.21960788514,460946992.205,2217925.5855895896,0.0,0.0,0.0,0.0,737947.86,312206.5043082796,518985922.06666666,5855687.8922919715
VIUR11,0.0,48096.0,4199.333973165484,15604.166666666666,23107.83467623573,7.333333333333333,10.848823424545618,0.3333333333333333,0.4923659639173309,0.16666666666666666,0.3892494720807615,0.0,0.0,0.6666666666666666,0.9847319278346618,0.0,0.0,0.0,0.0,0.0,0.0,0.0,0.0,0.0,0.0,4.0,5.939084716749482,6.5,9.605869417846948,0.0,0.0,0.0,0.0,362470679.5808334,1326173.7215722976,242652999.21166667,1528574.6404529668,26946220.0,0.0,9.005084916666666,0.056727034841436264,0.0,0.0,0.0,0.0,0.41545000000000004,0.3592443622636016,-0.24505,0.3095933124130899,0.6605,0.30883920794425757,0.0,0.0,10572564.771666666,1518487.9058326727,80264.94166666667,39783.49992314992,0.0,0.0,0.0,0.0,10492299.83,1538953.1691256447,349461279.0108333,2482223.5308155557,347094315.92583334,2653222.1283559585,0.0,0.0,347094315.92583334,2653222.1283559585,0.0,0.0,0.0,0.0,0.0,0.0,0.0,0.0,0.0,0.0,0.0,0.0,0.0,0.0,0.0,0.0,0.0,0.0,0.0,0.0,0.0,0.0,2366963.085,283392.7228990136,0.0,0.0,0.0,0.0,0.0,0.0,0.0,0.0,0.0,0.0,0.0,0.0,0.0,0.0,0.0,0.0,0.0,0.0,0.0,0.0,0.0,0.0,2436835.7983333333,16373.498888105158,2123873.8333333335,14186.186295338868,0.0,0.0,312961.965,18741.914900467185,1928900.2483333333,38893.51842660724,168268.81083333332,11172.439404080234,0.0,0.0,7000000.0,0.0,0.0,0.0,0.0,0.0,107999355.85583334,776938.0492005164,0.0,0.0,0.0,0.0,2721155.4541666666,3262062.281458859,119817680.36916667,2640466.758362731
XPLG11,0.0,322351.5,11749.104931866092,321871.3333333333,11726.537863609477,377.8333333333333,33.79595636561669,0.0,0.0,1.3333333333333333,0.5163977794943223,0.0,0.0,16.666666666666668,0.8164965809277269,2.1666666666666665,0.408248290463863,4.0,0.0,0.0,0.0,0.0,0.0,0.0,0.0,20.333333333333332,1.5055453054181624,52.833333333333336,8.471520918150805,0.0,0.0,5.0,0.0,3568035596.205,28271633.822915535,3194095132.215,157907421.79502103,28775842.33353333,1297280.0425078103,110.864803,0.8639562076732833,0.0,0.0,0.0,0.0,0.59025,0.17179510761369193,-0.11256666666666666,0.170254370477432,0.7028,0.005620676115913491,0.0,0.0,372810999.68666667,37653637.91178685,48267420.65833333,97035761.61469574,0.0,0.0,0.0,0.0,324543579.02833337,73294416.93540119,3173079408.6150002,33251202.381583203,2409510608.7999997,33693496.91719093,0.0,0.0,2205148639.056667,28695721.768518917,204361969.74333334,10694693.552225448,0.0,0.0,0.0,0.0,0.0,0.0,0.0,0.0,0.0,0.0,0.0,0.0,0.0,0.0,0.0,0.0,0.0,0.0,0.0,0.0,763557600.1483334,8181658.95553216,0.0,0.0,0.0,0.0,0.0,0.0,11199.666666666666,3614.7844564602556,0.0,0.0,0.0,0.0,0.0,0.0,0.0,0.0,0.0,0.0,0.0,0.0,0.0,0.0,22145187.903333332,4628610.261701961,15382795.173333332,4765094.6310467,0.0,0.0,6762392.7299999995,441123.4533930868,24123518.066666666,1676617.8955306297,2017446.67,150844.4016585963,0.0,0.0,13229058.368333334,4005120.6938534086,0.0,0.0,0.0,0.0,236719336.09833333,41166476.99635936,0.0,0.0,0.0,0.0,97851104.78666668,138089974.70622292,373940463.99,169415516.24930423
XPML11,1.0,387855.1666666667,21094.68561905266,387082.5,21088.736138042987,666.8333333333334,12.592325705232774,0.0,0.0,1.5,0.8366600265340756,1.3333333333333333,0.5163977794943223,17.166666666666668,1.6020819787597225,1.5,0.5477225575051661,4.0,0.0,0.0,0.0,0.0,0.0,0.0,0.0,23.333333333333332,1.2110601416389972,56.666666666666664,5.4650404085117845,0.0,0.0,0.3333333333333333,0.5163977794943222,4224903920.8483334,33170472.236447282,3453824613.5533333,7890824.609594477,30822213.0,0.0,112.05634766666667,0.25601120520294607,0.0,0.0,0.0,0.0,0.33144999999999997,0.9021413630911733,-0.47573333333333334,0.8944268168311295,0.8071833333333333,0.07527999512929488,0.0,0.0,612260418.5500001,203065257.92978537,2439.383333333333,3480.5024099670823,0.0,0.0,0.0,0.0,612257979.1666666,203068351.6251263,3528350526.61,222238964.02050608,2567454415.2066665,220854995.44802555,0.0,0.0,2567454415.2066665,220854995.44802555,0.0,0.0,0.0,0.0,0.0,0.0,0.0,0.0,0.0,0.0,0.0,0.0,0.0,0.0,0.0,0.0,0.0,0.0,0.0,0.0,0.0,0.0,565182319.4633332,3860260.5312474505,0.0,0.0,0.0,0.0,0.0,0.0,275029533.3333333,21946.905628505618,0.0,0.0,0.0,0.0,120684258.60666667,92131.26696659559,0.0,0.0,0.0,0.0,0.0,0.0,0.0,0.0,84292975.68833333,13580394.216369184,17037256.02,5782156.51490042,42249011.33,0.0,25006708.338333335,8550935.992139788,28487913.304999996,2075575.4278889226,2149104.8016666668,42717.24760379927,54183.03666666666,83939.99946277833,62517590.47333333,38828910.65747937,0.0,0.0,0.0,0.0,661846006.9499999,1731746.9132396923,0.0,0.0,0.0,0.0,16024508.728333334,4910482.775054152,771079307.295,40847848.632606305
XPPR11,0.0,56055.5,1528.858103291473,55926.666666666664,1527.4392513833966,90.33333333333333,5.5377492419453835,0.0,0.0,2.0,0.0,0.0,0.0,1.5,0.8366600265340756,0.6666666666666666,0.816496580927726,0.0,0.0,0.0,0.0,0.0,0.0,0.0,0.0,9.166666666666666,0.4082482904638632,21.166666666666668,2.48327740429189,0.0,0.0,4.0,0.0,978076631.3766667,44880805.14932643,496600415.42333335,14688489.831576828,7316171.0,0.0,67.8770925,2.0076743660006997,0.0,0.0,0.0,0.0,-1.0333166666666667,1.4611666289874905,-1.1639333333333333,1.464591501636776,0.13061666666666666,0.01950604179905978,0.0,0.0,14972251.786666667,1267883.646448875,529393.6366666666,1200905.5911217357,0.0,0.0,0.0,0.0,14442858.15,2172615.2485198346,945125356.455,42086714.37320946,517062160.145,43119086.04709461,0.0,0.0,517062160.145,43119086.04709461,0.0,0.0,0.0,0.0,0.0,0.0,0.0,0.0,0.0,0.0,0.0,0.0,0.0,0.0,0.0,0.0,0.0,0.0,0.0,0.0,0.0,0.0,0.0,0.0,0.0,0.0,0.0,0.0,0.0,0.0,428063196.31,1084639.1843077487,0.0,0.0,0.0,0.0,0.0,0.0,0.0,0.0,0.0,0.0,0.0,0.0,0.0,0.0,17979023.135,2901935.92418583,2403538.9383333335,902590.1801632529,13800000.0,1643167.6725154982,1775484.1966666665,468968.76945821225,659727.4516666667,114365.17689323849,108059.23333333334,17440.714279663738,0.0,0.0,0.0,0.0,83075857.5,33092164.54870775,0.0,0.0,394356314.93,2622601.25884821,0.0,0.0,0.0,0.0,3276256.8383333334,670248.6681224545,481476215.9533333,30505945.224270586
