nome_do_titulo,worth_it,nome_do_fundo,data_da_analise,numeroTotalDeCotistas,n_cotistas_pessoa_fisica,n_cotistas_pessoa_juridica_nao_financeira,n_cotistas_banco_comercial,n_cotistas_corretora_ou_distribuidora,n_cotistas_outras_pessoas_juridicas_financeiras,n_cotistas_investidores_nao_residentes,n_cotistas_entidade_aberta_de_previdencia,n_cotistas_entidade_fechada_de_previdencia,n_cotistas_regime_proprio_de_previdencia,n_cotistas_sociedade_seguradora,n_cotistas_sociedade_de_capitalizacao,n_cotistas_fiis,n_cotistas_outros_fundos_de_investimento,n_cotistas_distribuidores_de_fundo,n_cotistas_nao_relacionados,ativos,patrimonio_liquido,n_de_cotas_emitidas,valor_patrimonial_das_cotas,despesas_com_taxas_de_adm_em_relacao_ao_patrimonio,despesas_com_agente_custodiante_em_relacao_ao_patrimonio,rentabilidade_efetiva_mensal,rentabilidade_patrimonial,dividend_yield,amortizacoes_de_cotas_no_mes_ref,total_mantido_para_necessidade_de_liquidez,total_mantido_para_necessidade_de_liquidez_disponibilidade,total_mantido_para_necessidade_de_liquidez_titulos_publicos,total_mantido_para_necessidade_de_liquidez_titulos_privados,total_mantido_para_necessidade_de_liquidez_fundos_de_renda_fixa,total_investido,total_investido_direitos_reais_sobre_bens,total_investido_direitos_reais_sobre_bens_terrenos,total_investido_direitos_reais_sobre_bens_imoveis_para_renda_acabados,total_investido_direitos_reais_sobre_bens_imoveis_para_renda_em_construcao,total_investido_direitos_reais_sobre_bens_imoveis_para_venda_acabados,total_investido_direitos_reais_sobre_bens_imoveis_para_venda_em_construcao,total_investido_direitos_reais_sobre_bens_outros_direitos_reais,total_investido_acoes,total_investido_debentures,total_investido_subscricao,total_investido_depositos_de_valores_mobiliarios,total_investido_cedulas_debentures,total_investido_fia,total_investido_fip,total_investido_fii,total_investido_fidc,total_investido_outras_cotas_de_fundos,total_investido_notas_promissorias,total_investido_acoes_de_sociedades,total_investido_cotas_de_sociedades,total_investido_cepac,total_investido_cri_ou_cra,total_investido_letras_hipotecarias,total_investido_lci_ou_lca,total_investido_lig,total_investido_outros_valores_mobiliarios,valores_a_receber,valores_a_receber_por_alugueis,valores_a_receber_por_venda_de_imoveis,valores_a_receber_por_outros,passivo_rendimentos_a_distribuir,passivo_taxa_de_adm,passivo_taxa_de_performance,passivo_obrigacoes_por_aquisicao_de_imoveis,passivo_adiantamento_por_venda_de_imoveis,passivo_adiantamento_de_valores_de_alugueis,passivo_obrigacoes_por_securitizacao_de_recebiveis,passivo_instrumentos_financeiros_derivativos,passivo_provisoes_para_contingencias,passivo_outros_valores_a_pagar,passivo_total
BTCI11,1,FUNDO DE INVESTIMENTO IMOBILIÁRIO - BTG PACTUAL CRÉDITO IMOBILIÁRIO,12/2023,148117,147909,149,0,2,0,11,1,2,0,0,0,22,20,0,1,1045483782.22,1034376297.85,99521172.0,10.39353,0,0.0,2.1072,1.4096,0.6976,0.0,146808555.88,0.0,0.0,0.0,146808555.88,897289602.78,0.0,0.0,0.0,0.0,0.0,0.0,0.0,0.0,0.0,0.0,0.0,0.0,0.0,0.0,84866449.75,0.0,0.0,0.0,0.0,0.0,0.0,812423153.03,0.0,0.0,0.0,0.0,1385623.56,0.0,0.0,1385623.56,9354990.19,844548.46,0.0,0.0,0.0,0.0,0.0,0.0,0.0,907945.72,11107484.37
BTCI11,1,FUNDO DE INVESTIMENTO IMOBILIÁRIO - BTG PACTUAL CRÉDITO IMOBILIÁRIO,10/2023,134398,134193,148,0,2,0,10,0,1,1,0,0,27,16,0,0,1011781738.15,1010044775.69,99521172.0,10.149044,0,0.0,1.6098,0.5935,1.0163,0.0,70579691.51,0.0,0.0,0.0,70579691.51,939951416.86,0.0,0.0,0.0,0.0,0.0,0.0,0.0,0.0,0.0,0.0,0.0,0.0,0.0,0.0,83065883.44,0.0,0.0,0.0,0.0,0.0,0.0,856885533.42,0.0,0.0,0.0,0.0,1250629.78,0.0,0.0,1250629.78,0.0,854803.94,0.0,0.0,0.0,0.0,0.0,0.0,0.0,882158.52,1736962.46
BTCI11,1,FUNDO DE INVESTIMENTO IMOBILIÁRIO - BTG PACTUAL CRÉDITO IMOBILIÁRIO,09/2023,123083,122887,141,0,2,0,10,0,1,1,0,0,25,16,0,0,1019778135.38,1004085952.88,99521172.0,10.089169,0,0.0,-0.8469,-1.9631,1.1162,0.0,27660194.81,0.0,0.0,0.0,27660194.81,990860970.77,0.0,0.0,0.0,0.0,0.0,0.0,0.0,0.0,0.0,0.0,0.0,0.0,0.0,0.0,84206338.16,0.0,0.0,0.0,0.0,0.0,0.0,906654632.61,0.0,0.0,0.0,0.0,1256969.8,0.0,0.0,1256969.8,13972993.92,842820.83,0.0,0.0,0.0,0.0,0.0,0.0,0.0,876367.75,15692182.5
BTCI11,1,FUNDO DE INVESTIMENTO IMOBILIÁRIO - BTG PACTUAL CRÉDITO IMOBILIÁRIO,08/2023,110543,110353,134,0,2,0,8,0,1,1,0,0,26,18,0,0,1038484456.17,1024192221.83,99521172.0,10.291199,0,0.0,0.5949,-0.0604,0.6553,0.0,109704682.19,149.79,0.0,0.0,109704532.4,927515755.76,0.0,0.0,0.0,0.0,0.0,0.0,0.0,0.0,0.0,0.0,0.0,0.0,0.0,0.0,83768770.96,0.0,0.0,0.0,0.0,0.0,0.0,843746984.8,0.0,0.0,0.0,0.0,1264018.22,0.0,0.0,1264018.22,12593033.99,829238.53,0.0,0.0,0.0,0.0,0.0,0.0,0.0,869961.82,14292234.34
BTCI11,1,FUNDO DE INVESTIMENTO IMOBILIÁRIO - BTG PACTUAL CRÉDITO IMOBILIÁRIO,07/2023,98616,98426,132,0,2,0,9,0,1,1,0,0,27,18,0,0,1042430688.69,1024811117.16,99521172.0,10.297418,0,0.0,1.0247,-0.1269,1.1516,0.0,131173021.99,149.79,0.0,0.0,131172872.2,909990100.57,0.0,0.0,0.0,0.0,0.0,0.0,0.0,0.0,0.0,0.0,0.0,0.0,0.0,0.0,82819383.62,0.0,0.0,0.0,0.0,0.0,0.0,827170716.95,0.0,0.0,0.0,0.0,1267566.13,0.0,0.0,1267566.13,15929590.63,823993.83,0.0,0.0,0.0,0.0,0.0,0.0,0.0,865987.07,17619571.53
BTCI11,1,FUNDO DE INVESTIMENTO IMOBILIÁRIO - BTG PACTUAL CRÉDITO IMOBILIÁRIO,12/2023,148117,147909,149,0,2,0,11,1,2,0,0,0,22,20,0,1,1045483782.22,1034376297.85,99521172.0,10.39353,0,0.0,2.1072,1.4096,0.6976,0.0,146808555.88,0.0,0.0,0.0,146808555.88,897289602.78,0.0,0.0,0.0,0.0,0.0,0.0,0.0,0.0,0.0,0.0,0.0,0.0,0.0,0.0,84866449.75,0.0,0.0,0.0,0.0,0.0,0.0,812423153.03,0.0,0.0,0.0,0.0,1385623.56,0.0,0.0,1385623.56,9354990.19,844548.46,0.0,0.0,0.0,0.0,0.0,0.0,0.0,907945.72,11107484.37
KNIP11,1,KINEA ÍNDICES DE PREÇOS FUNDO DE INVESTIMENTO IMOBILIÁRIO - FII,12/2023,75213,74881,185,0,2,0,21,1,8,0,0,0,42,70,0,3,8573533967.62,7937902259.41,80078186.0,99.126899,0,0.0,2.0207,1.2546,0.7661,0.0,144861595.84,40509.88,144821085.96,0,0,8426988672.41,0.0,0,0,0,0,0,0,0,0,0,0,0,0,0,18687975.12,0,0,0,0,0,0,8136264968.55,0,272035728.74,0,0,1683699.37,0,0,1683699.37,60058810.5,6272421.28,0,0,0,0,0,0,0,569300476.43,635631708.21
KNIP11,1,KINEA ÍNDICES DE PREÇOS FUNDO DE INVESTIMENTO IMOBILIÁRIO - FII,11/2023,74995,0,0,0,0,0,0,0,0,0,0,0,0,0,0,0,8464964296.05,7839550472.32,80078186.0,97.898702,0,0.0,2.5352,1.8073,0.7279,0.0,176002064.71,42834.17,175959230.54,0,0,8287273278.47,0.0,0,0,0,0,0,0,0,0,0,0,0,0,0,19784750.32,0,0,0,0,0,0,7942825668.43,0,324662859.72,0,0,1688952.87,0,0,1688952.87,56054901.2,6192053.48,0,0,0,0,0,0,0,563166869.05,625413823.73
KNIP11,1,KINEA ÍNDICES DE PREÇOS FUNDO DE INVESTIMENTO IMOBILIÁRIO - FII,10/2023,75017,0,0,0,0,0,0,0,0,0,0,0,0,0,0,0,8320917038.76,7700383537.61,80078186.0,96.160814,0,0.0,-0.7555,-1.4727,0.7172,0.0,445487652.04,41900.65,445445751.39,0,0,7873734248.68,0.0,0,0,0,0,0,0,0,0,0,0,0,0,0,20263366.33,0,0,0,0,0,0,7819326211.04,0,34144671.31,0,0,1695138.04,0,0,1695138.04,56054901.2,6489917.25,0,0,0,0,0,0,0,557988682.7,620533501.15
KNIP11,1,KINEA ÍNDICES DE PREÇOS FUNDO DE INVESTIMENTO IMOBILIÁRIO - FII,09/2023,74724,74393,193,0,2,0,24,1,8,0,0,0,38,62,0,3,8536741325.61,7815483499.63,80078186.0,97.598159,0,0.0,-0.9086,-1.5141,0.6055,0.0,521678314.89,33409.97,521644904.92,0,0,8013362400.24,0.0,0,0,0,0,0,0,0,0,0,0,0,0,0,21140712.8,0,0,0,0,0,0,7992221687.44,0,0,0,0,1700610.48,0,0,1700610.48,48047082.6,6280602.91,0,0,0,0,0,0,0,666930140.47,721257825.98
KNIP11,1,KINEA ÍNDICES DE PREÇOS FUNDO DE INVESTIMENTO IMOBILIÁRIO - FII,07/2023,71119,0,0,0,0,0,0,0,0,0,0,0,0,0,0,0,8629102605.32,7984130494.79,80078186.0,99.704188,0,0.0,0.9748,0.4509,0.5239,0.0,215472118.29,43411.96,215428706.33,0,0,8411917585.74,0.0,0,0,0,0,0,0,0,0,0,0,0,0,0,24792371.03,0,0,0,0,0,0,8387125214.71,0,0,0,0,1712901.29,0,0,1712901.29,41640827.72,6633334.6,0,0,0,0,0,0,0,596697948.21,644972110.53
KNIP11,1,KINEA ÍNDICES DE PREÇOS FUNDO DE INVESTIMENTO IMOBILIÁRIO - FII,06/2023,69685,69415,152,0,2,0,22,1,8,0,0,0,36,47,0,2,8609153837.69,7948291981.88,80078186.0,99.256644,0,0.0,2.2121,1.3949,0.8172,0.0,220133455.85,37097.86,220096357.99,0,0,8387300870.09,0.0,0,0,0,0,0,0,0,0,0,0,0,0,0,25708618.84,0,0,0,0,0,0,8361592251.25,0,0,0,0,1719511.75,0,0,1719511.75,64062719.8,6587965.39,0,0,0,0,0,0,0,590211170.62,660861855.81
KNCR11,1,KINEA RENDIMENTOS IMOBILIARIOS FUNDO DE INVESTIMENTO IMOBILIARIO - FII,12/2023,310216,309725,408,0,2,0,24,1,2,0,0,0,22,32,0,0,6234551801.24,5759451784.13,57097087.0,100.871202,0,0.0064,1.0687,0.0668,1.0019,0.0,259835872.56,40850.1,259795022.46,0,0,5974715386.01,0.0,0,0,0,0,0,0,0,0,0,0,0,0,0,0,0,0,0,0,0,0,5943235484.81,0,31479901.2,0,0,542.67,0,0,542.67,57689953.62,4620808.37,0,0,0,0,0,0,0,412789255.12,475100017.11
KNCR11,1,KINEA RENDIMENTOS IMOBILIARIOS FUNDO DE INVESTIMENTO IMOBILIARIO - FII,11/2023,304408,0,0,0,0,0,0,0,0,0,0,0,0,0,0,0,6232188878.86,5755605712.78,57097087.0,100.803842,0,0.0064,0.8291,-0.1711,1.0002,0.0,276306106.89,44596.29,276261510.6,0,0,5955877053.21,0.0,0,0,0,0,0,0,0,0,0,0,0,0,0,0,0,0,0,0,0,0,5955877053.21,0,0,0,0,5718.76,0,0,5718.76,57689226.42,4605582.46,0,0,0,0,0,0,0,414288357.2,476583166.08
KNCR11,1,KINEA RENDIMENTOS IMOBILIARIOS FUNDO DE INVESTIMENTO IMOBILIARIO - FII,10/2023,298688,0,0,0,0,0,0,0,0,0,0,0,0,0,0,0,6252711444.03,5765467581.35,57097087.0,100.976563,0,0.0067,1.0985,-0.0008,1.0993,0.0,203631796.7,42610.23,203589186.47,0,0,6049067704.44,0.0,0,0,0,0,0,0,0,0,0,0,0,0,0,0,0,0,0,0,0,0,6049067704.44,0,0,0,0,11942.89,0,0,11942.89,63398135.92,4805467.59,0,0,0,0,0,0,0,419040259.17,487243862.68
KNCR11,1,KINEA RENDIMENTOS IMOBILIARIOS FUNDO DE INVESTIMENTO IMOBILIARIO - FII,09/2023,288834,288310,425,0,2,0,25,1,2,0,0,0,32,37,0,0,6247685625.71,5765511516.6,57097087.0,100.977332,0,0.0064,1.1123,0.0227,1.0896,0.0,190455018.42,434678.28,190020340.14,0,0,6057213165.07,0.0,0,0,0,0,0,0,0,0,0,0,0,0,0,0,0,0,0,0,0,0,6057213165.07,0,0,0,0,17442.22,0,0,17442.22,62826373.05,4503215.51,0,0,0,0,0,0,0,414844520.55,482174109.11
KNCR11,1,KINEA RENDIMENTOS IMOBILIARIOS FUNDO DE INVESTIMENTO IMOBILIARIO - FII,08/2023,272678,0,0,0,0,0,0,0,0,0,0,0,0,0,0,0,6258629533.67,5764202757.89,57097087.0,100.95441,0,0.0073,1.2835,0.0937,1.1898,0.0,320694722.8,47458.21,320647264.59,0,0,5937911168.02,0.0,0,0,0,0,0,0,0,0,0,0,0,0,0,0,0,0,0,0,0,0,5937911168.02,0,0,0,0,23642.85,0,0,23642.85,68535217.75,5142589.6,0,0,0,0,0,0,0,420748968.43,494426775.78
KNCR11,1,KINEA RENDIMENTOS IMOBILIARIOS FUNDO DE INVESTIMENTO IMOBILIARIO - FII,07/2023,257717,0,0,0,0,0,0,0,0,0,0,0,0,0,0,0,6251549478.36,5758807700.2,57097087.0,100.859921,0,0.0067,1.1319,-0.0082,1.1401,0.0,364603109.05,43204.02,364559905.03,0,0,5886916631.75,0.0,0,0,0,0,0,0,0,0,0,0,0,0,0,0,0,0,0,0,0,0,5781120033.96,0,105796597.79,0,0,29737.56,0,0,29737.56,65679535.4,4667482.93,0,0,0,0,0,0,0,422394759.83,492741778.16
BTLG11,1,BTG PACTUAL LOGÍSTICA FUNDO DE INVESTIMENTO IMOBILIÁRIO,06/2023,221702,221269,350,0,1,2,13,0,0,0,0,0,23,44,0,0,2396982377.97,2069085844.76,21066892.0,98.21505,0,0.0,0.5471,-0.3438,0.8909,0.0,87633176.95,0.0,0.0,0.0,87633176.95,2267548699.41,2121477762.43,0.0,2121477762.43,0.0,0.0,0.0,0.0,0.0,0.0,0.0,0.0,0.0,0.0,0.0,100973448.5,0.0,0.0,0.0,42037818.55,0.0,0.0,3059669.93,0.0,0.0,0.0,0.0,41800501.61,17400689.64,0.0,24399811.97,16897068.44,1593228.85,0.0,47486704.52,0.0,0.0,227376242.37,0.0,0.0,34543289.03,327896533.21
BTLG11,1,BTG PACTUAL LOGÍSTICA FUNDO DE INVESTIMENTO IMOBILIÁRIO,07/2023,224480,224041,355,0,1,2,12,0,0,0,0,0,23,46,0,0,2390868145.69,2067981417.09,21066892.0,98.162625,0,0.0,0.4809,-0.0534,0.5343,0.0,95785005.67,0.0,0.0,0.0,95785005.67,2271316172.2,2125877989.71,0.0,2125877989.71,0.0,0.0,0.0,0.0,0.0,0.0,0.0,0.0,0.0,0.0,0.0,100523880.75,0.0,0.0,0.0,42037818.55,0.0,0.0,2876483.19,0.0,0.0,0.0,0.0,23766967.82,15562370.93,0.0,8204596.89,11942183.22,1654683.99,0.0,47486704.52,0.0,0.0,227423505.04,0.0,0.0,34379651.83,322886728.6
BTLG11,1,BTG PACTUAL LOGÍSTICA FUNDO DE INVESTIMENTO IMOBILIÁRIO,08/2023,243672,243070,496,0,1,2,28,0,1,0,0,0,24,50,0,0,3126478482.79,2799276268.56,28492634.0,98.245612,0,0.0,0.6356,0.0845,0.5511,0.0,825649700.21,0.0,0.0,0.0,825649700.21,2276171072.02,2129907262.67,0.0,2129907262.67,0.0,0.0,0.0,0.0,0.0,0.0,0.0,0.0,0.0,0.0,0.0,101539784.05,0.0,0.0,0.0,42037818.55,0.0,0.0,2686206.75,0.0,0.0,0.0,0.0,24657710.56,15428675.7,0.0,9229034.86,11344420.85,1671857.69,0.0,44322250.93,0.0,0.0,227301558.16,0.0,0.0,42562126.6,327202214.23
BTLG11,1,BTG PACTUAL LOGÍSTICA FUNDO DE INVESTIMENTO IMOBILIÁRIO,09/2023,249291,248692,503,0,1,2,16,0,2,0,0,0,25,50,0,0,3137447359.51,2803320267.77,28492634.0,98.387544,0,0.0,1.252,0.1445,1.1075,0.0,859111504.13,0.0,0.0,0.0,859111504.13,2213579608.32,2066670052.83,0.0,2066670052.83,0.0,0.0,0.0,0.0,0.0,0.0,0.0,0.0,0.0,0.0,0.0,102342489.96,0.0,0.0,0.0,42037818.55,0.0,0.0,2529246.98,0.0,0.0,0.0,0.0,64756247.06,16479794.57,40769328.0,7507124.49,26048938.15,2201932.12,0.0,44322250.93,0.0,0.0,227113808.56,0.0,0.0,34440161.98,334127091.74
BTLG11,1,BTG PACTUAL LOGÍSTICA FUNDO DE INVESTIMENTO IMOBILIÁRIO,10/2023,254883,254287,509,0,1,3,15,0,2,0,0,0,26,40,0,0,3142795265.37,2822465816.63,28492634.0,99.059491,0,0.0,1.253,0.683,0.57,0.0,863781587.02,0.0,0.0,0.0,863781587.02,2214710839.2,2068243286.59,0.0,2068243286.59,0.0,0.0,0.0,0.0,0.0,0.0,0.0,0.0,0.0,0.0,0.0,102101067.55,0.0,0.0,0.0,42037818.55,0.0,0.0,2328666.51,0.0,0.0,0.0,0.0,64302839.15,16309178.36,40769328.0,7224332.79,0.0,2143857.01,0.0,44322250.93,0.0,0.0,227150422.2,0.0,0.0,46712918.6,320329448.74
BTLG11,1,BTG PACTUAL LOGÍSTICA FUNDO DE INVESTIMENTO IMOBILIÁRIO,11/2023,260030,259440,506,0,1,3,11,0,2,0,0,0,29,38,0,0,3137800097.01,2822378074.38,28492634.0,99.056411,0,0.0,0.6324,-0.0031,0.6355,0.0,851127124.52,0.0,0.0,0.0,851127124.52,2217016290.77,2070214817.06,0.0,2070214817.06,0.0,0.0,0.0,0.0,0.0,0.0,0.0,0.0,0.0,0.0,0.0,102635952.0,0.0,0.0,0.0,42037818.55,0.0,0.0,2127703.16,0.0,0.0,0.0,0.0,69656681.72,17240982.31,40769328.0,11646371.41,0.0,2125536.25,0.0,39484515.93,0.0,0.0,227180535.12,0.0,0.0,46631435.33,315422022.63
HGCR11,1,CSHG RECEBÍVEIS IMOBILIÁRIOS - FUNDO DE INVESTIMENTO IMOBILIÁRIO - FII,11/2023,104345,0,0,0,0,0,0,0,0,0,0,0,0,0,0,0,1699293879.95,1570752046.51,15418106.0,101.877108,0,0.0025,2.0701,1.0779,0.9922,0.0,41302691.76,4999.99,0,0,41297691.77,1656892319.6,0.0,0,0,0,0,0,0,0,0,0,0,0,0,0,214723327.41,0,0,0,0,0,0,1442168992.19,0,0,0,0,1098868.59,0,0,1098868.59,15418118.8,1007291.78,60996.71,0,0,0,0,0,0,112055426.15,128541833.44
HGCR11,1,CSHG RECEBÍVEIS IMOBILIÁRIOS - FUNDO DE INVESTIMENTO IMOBILIÁRIO - FII,10/2023,104422,0,0,0,0,0,0,0,0,0,0,0,0,0,0,0,1692852783.92,1554001185.22,15418106.0,100.790667,0,0.0027,-0.1132,-1.0945,0.9813,0.0,38748364.45,4999.93,0,0,38743364.52,1652903606.01,0.0,0,0,0,0,0,0,0,0,0,0,0,0,0,217365814.82,0,0,0,0,0,0,1435537791.19,0,0,0,0,1200813.46,0,0,1200813.46,15418114.8,1085155.68,121993.42,0,0,0,0,0,0,122226334.8,138851598.7
HGCR11,1,CSHG RECEBÍVEIS IMOBILIÁRIOS - FUNDO DE INVESTIMENTO IMOBILIÁRIO - FII,09/2023,103567,103196,317,0,2,0,7,2,0,0,0,0,16,20,0,7,1710510160.7,1571197334.48,15418106.0,101.905989,0,0.0025,0.0182,-1.0499,1.0681,0.0,33767496.45,5000.08,0,0,33762496.37,1675574215.61,0.0,0,0,0,0,0,0,0,0,0,0,0,0,0,220895264.15,0,0,0,0,0,0,1454678951.46,0,0,0,0,1168448.64,0,0,1168448.64,16959921.0,1047413.13,182990.14,0,0,0,0,0,0,121122501.95,139312826.22
HGCR11,1,CSHG RECEBÍVEIS IMOBILIÁRIOS - FUNDO DE INVESTIMENTO IMOBILIÁRIO - FII,08/2023,102780,0,0,0,0,0,0,0,0,0,0,0,0,0,0,0,1726431006.06,1587869105.57,15418106.0,102.9873,0,0.0029,0.3716,-0.6891,1.0607,0.0,43067378.12,4999.97,0,0,43062378.15,1682646314.0,0.0,0,0,0,0,0,0,0,0,0,0,0,0,0,222772507.25,0,0,0,0,0,0,1459873806.75,0,0,0,0,717313.94,0,0,717313.94,16959916.6,1199102.84,243986.86,0,0,0,0,0,0,120158894.19,138561900.49
HGCR11,1,CSHG RECEBÍVEIS IMOBILIÁRIOS - FUNDO DE INVESTIMENTO IMOBILIÁRIO - FII,07/2023,99670,0,0,0,0,0,0,0,0,0,0,0,0,0,0,0,1736287748.13,1598887163.8,15418106.0,103.701918,0,0.0026,1.2329,0.1704,1.0625,0.0,48076867.37,4999.99,0,0,48071867.38,1687388774.69,0.0,0,0,0,0,0,0,0,0,0,0,0,0,0,223559596.99,0,0,0,0,0,0,1463829177.7,0,0,0,0,822106.07,0,0,822106.07,16959916.6,1077079.51,517280.32,0,0,0,0,0,0,118846307.9,137400584.33
HGCR11,1,CSHG RECEBÍVEIS IMOBILIÁRIOS - FUNDO DE INVESTIMENTO IMOBILIÁRIO - FII,06/2023,95641,95298,284,0,1,0,4,3,0,0,0,0,20,21,0,10,1711604824.72,1596166619.78,15418106.0,103.525467,0,0.0026,1.8778,0.7105,1.1673,0.0,66577927.82,5000.0,0,0,66572927.82,1644299488.46,0.0,0,0,0,0,0,0,0,0,0,0,0,0,0,221429272.25,0,0,0,0,0,0,1422870216.21,0,0,0,0,727408.44,0,0,727408.44,18501727.2,1061186.63,365980.3,0,0,0,0,0,0,95509310.81,115438204.94
TRXF11,1,TRX REAL ESTATE FUNDO DE INVESTIMENTO IMOBILIÁRIO - FII,11/2023,117516,0,0,0,0,0,0,0,0,0,0,0,0,0,0,0,2376572872.7,1377838035.77,13269951.0,103.831434,0,0,2.957,2.0403,0.9167,0,161136073.08,22284286.1,0,0,138851786.98,2154082072.91,998283789.51,0,689734273.89,241354515.62,0,0,67195000.0,0,0,0,0,0,0,0,469586919.73,0,0,0,675639741.13,0,0,10571622.54,0,0,0,0,61354726.71,16334398.17,28264100.0,16756228.54,12378245.39,1110706.12,0,94807522.03,0,0,631718404.84,0,0,258719958.55,998734836.93
TRXF11,1,TRX REAL ESTATE FUNDO DE INVESTIMENTO IMOBILIÁRIO - FII,10/2023,111313,0,0,0,0,0,0,0,0,0,0,0,0,0,0,0,2196117143.4,1350333255.06,13269951.0,101.758722,0,0,-0.3442,-1.2179,0.8737,0,43336058.09,1000.0,0,0,43335058.09,2088108376.41,1002102444.37,0,706088797.99,228818646.38,0,0,67195000.0,0,0,0,0,0,0,0,398322833.38,0,0,0,675639401.21,0,0,12043697.45,0,0,0,0,64672708.9,10249114.94,25207500.0,29216093.96,11942955.9,1171773.09,0,89039127.21,0,0,652784182.95,0,0,90845849.19,845783888.34
TRXF11,1,TRX REAL ESTATE FUNDO DE INVESTIMENTO IMOBILIÁRIO - FII,09/2023,108373,108094,231,0,2,1,9,0,0,0,0,0,8,28,0,0,2167161270.06,1366990696.26,13269951.0,103.013997,0,0,1.1645,0.2883,0.8762,0,8486171.57,1067.71,0,0,8485103.86,2093198194.78,996090547.02,0,706066439.83,222829107.19,0,0,67195000.0,0,0,0,0,0,0,0,409174269.19,0,0,0,675639401.21,0,0,12293977.36,0,0,0,0,65476903.71,10114583.68,26115000.0,29247320.03,11942955.9,1158045.55,0,54344084.86,0,0,653782795.42,0,0,78942692.07,800170573.8
TRXF11,1,TRX REAL ESTATE FUNDO DE INVESTIMENTO IMOBILIÁRIO - FII,08/2023,106264,0,0,0,0,0,0,0,0,0,0,0,0,0,0,0,2172299089.87,1363034036.05,13269951.0,102.71583,0,0,-2.2914,-3.1401,0.8487,0,19278786.64,5009.76,0,0,19273776.88,2089639873.01,988248610.27,0,706035655.6,215017954.67,0,0,67195000.0,0,0,0,0,0,0,0,413194565.32,0,0,0,675639401.21,0,0,12557296.21,0,0,0,0,63380430.22,10019985.62,27022500.0,26337944.6,11942955.9,1196012.77,0,60518045.31,0,0,655342056.71,0,0,80265983.13,809265053.82
TRXF11,1,TRX REAL ESTATE FUNDO DE INVESTIMENTO IMOBILIÁRIO - FII,07/2023,103828,0,0,0,0,0,0,0,0,0,0,0,0,0,0,0,2190538733.98,1271774618.8,11992687.0,106.045844,0,0,1.8388,0.929,0.9098,0,9930467.56,2000.0,0,0,9928467.56,2115123373.89,979645718.84,0,705712544.55,206738174.29,0,0,67195000.0,0,0,0,0,0,0,0,447149734.83,0,0,0,675639401.21,0,0,12688519.01,0,0,0,0,65484892.53,10002244.07,27930000.0,27552648.46,11464485.04,1073715.13,0,68499561.57,0,0,657048115.18,0,0,180678238.26,918764115.18
TRXF11,1,TRX REAL ESTATE FUNDO DE INVESTIMENTO IMOBILIÁRIO - FII,06/2023,100710,100478,184,0,2,1,8,0,0,0,0,0,8,29,0,0,2218949825.71,1260068389.62,11992687.0,105.06973,0,0,1.8314,0.9367,0.8947,0,10859571.88,1992.5,0,0,10857579.38,2146777001.4,993211350.61,0,722719151.01,203297199.6,0,0,67195000.0,0,0,0,0,0,0,0,447275226.44,0,0,0,675579401.21,0,0,30711023.14,0,0,0,0,61313252.43,9205503.56,24300000.0,27807748.87,11169309.33,1015509.89,0,78997038.22,0,0,680591981.19,0,0,187107597.46,958881436.09
CPTS11,1,CAPITÂNIA SECURITIES II FUNDO DE INVESTIMENTO IMOBILIÁRIO - FII,02/2024,361884,361245,552,0,2,1,14,3,2,0,0,0,32,30,0,3,3333193656.47,2912499128.9,317828140.0,9.163755,0,0.0,1.4366,0.5394,0.8972,0.0,16949485.12,4610929.71,0.0,0.0,12338555.41,3146513199.78,0.0,0.0,0.0,0.0,0.0,0.0,0.0,0.0,0.0,0.0,0.0,0.0,0.0,0.0,906573979.5,0.0,2548018.87,0.0,0.0,0.0,0.0,2237391201.41,0.0,0.0,0.0,0.0,169730971.57,0.0,0.0,169730971.57,0.0,2364871.37,0.0,0.0,0.0,0.0,0.0,0.0,0.0,418329656.2,420694527.57
CPTS11,1,CAPITÂNIA SECURITIES II FUNDO DE INVESTIMENTO IMOBILIÁRIO - FII,01/2024,347058,346441,532,0,1,1,14,3,2,0,0,0,33,29,0,2,3209989420.51,2896873604.0,317828140.0,9.114591,0,0.0,0.3612,-0.4152,0.7764,0.0,1420003.17,0.0,0.0,0.0,1420003.17,3203727199.43,0.0,0.0,0.0,0.0,0.0,0.0,0.0,0.0,0.0,0.0,0.0,0.0,0.0,0.0,941688057.38,0.0,2612612.75,0.0,0.0,0.0,0.0,2259426529.3,0.0,0.0,0.0,0.0,4842217.91,0.0,0.0,4842217.91,0.0,2362456.29,0.0,0.0,0.0,0.0,0.0,0.0,0.0,310753360.22,313115816.51
CPTS11,1,CAPITÂNIA SECURITIES II FUNDO DE INVESTIMENTO IMOBILIÁRIO - FII,12/2023,311604,310995,516,0,1,1,16,3,2,0,0,0,33,34,0,3,3298185376.39,2908951684.03,317828140.0,9.152593,0,0.0,1.9434,1.2339,0.7095,0.0,30541295.25,25394692.94,0.0,0.0,5146602.31,3262288606.66,0.0,0.0,0.0,0.0,0.0,0.0,0.0,0.0,0.0,0.0,0.0,0.0,0.0,0.0,1013476891.4,0.0,2544178.56,0.0,0.0,0.0,0.0,2246267536.7,0.0,0.0,0.0,0.0,5355474.48,0.0,0.0,5355474.48,20694822.12,2246313.11,0.0,0.0,0.0,0.0,0.0,0.0,0.0,366292557.13,389233692.36
CPTS11,1,CAPITÂNIA SECURITIES II FUNDO DE INVESTIMENTO IMOBILIÁRIO - FII,11/2023,295246,294638,517,0,2,1,13,2,2,0,0,0,35,33,0,3,3371953421.81,2873494666.5,317828140.0,9.041033,0,0.0,2.9918,2.3017,0.6901,0.0,69275380.19,0.0,0.0,0.0,69275380.19,3214687963.41,0.0,0.0,0.0,0.0,0.0,0.0,0.0,0.0,0.0,0.0,0.0,0.0,0.0,0.0,916568556.68,0.0,2478018.48,0.0,0.0,0.0,0.0,2295641388.25,0.0,0.0,0.0,0.0,87990078.21,0.0,0.0,87990078.21,0.0,2206594.36,0.0,0.0,0.0,0.0,0.0,0.0,0.0,496252160.95,498458755.31
CPTS11,1,CAPITÂNIA SECURITIES II FUNDO DE INVESTIMENTO IMOBILIÁRIO - FII,10/2023,277648,277066,499,0,1,1,16,0,0,0,0,0,34,31,0,0,3343740587.85,2808844362.12,317828140.0,8.83762,0,0.0,0.2017,-0.4884,0.6901,0.0,5748774.9,0.0,0.0,0.0,5748774.9,3270403234.26,0.0,0.0,0.0,0.0,0.0,0.0,0.0,0.0,0.0,0.0,0.0,0.0,0.0,0.0,930417822.51,0.0,0.0,0.0,0.0,0.0,0.0,2339985411.75,0.0,0.0,0.0,0.0,67588578.69,0.0,0.0,67588578.69,0.0,2302400.02,0.0,0.0,0.0,0.0,0.0,0.0,0.0,532593825.71,534896225.73
CPTS11,1,CAPITÂNIA SECURITIES II FUNDO DE INVESTIMENTO IMOBILIÁRIO - FII,09/2023,243898,243329,489,0,1,1,17,0,0,0,0,0,33,28,0,0,3383487065.31,2822630555.05,317828140.0,8.880996,0,0.0,-90.0642,-90.1241,0.0599,0.0,1124696.37,0.0,0.0,0.0,1124696.37,3321727795.82,0.0,0.0,0.0,0.0,0.0,0.0,0.0,0.0,0.0,0.0,0.0,0.0,0.0,0.0,935850482.71,0.0,0.0,0.0,0.0,0.0,0.0,2385877313.11,0.0,0.0,0.0,0.0,60634573.12,0.0,0.0,60634573.12,17380605.82,2027387.96,0.0,0.0,0.0,0.0,0.0,0.0,0.0,541448516.48,560856510.26
XPML11,1,XP MALLS FUNDO DE INVESTIMENTO IMOBILIÁRIO FII,01/2024,409164,408386,677,0,1,1,18,1,4,0,0,0,22,53,0,1,4260759153.35,3445982046.45,30822213.0,111.801902,0,0.0,0.7954,-0.0981,0.8935,0.0,379168543.75,6932.69,0.0,0.0,379161611.06,3784056302.06,2820774008.86,0.0,2820774008.86,0.0,0.0,0.0,0.0,0.0,0.0,0.0,0.0,0.0,0.0,0.0,567649282.79,0.0,0.0,0.0,275043700.0,0.0,0.0,120589310.41,0.0,0.0,0.0,0.0,97534307.54,24083494.28,42249011.33,31201801.93,30985360.22,2189837.12,162549.11,102608950.24,0.0,0.0,661890990.97,0.0,0.0,16939419.24,814777106.9
XPML11,1,XP MALLS FUNDO DE INVESTIMENTO IMOBILIÁRIO FII,12/2023,409164,408386,677,0,1,1,18,1,4,0,0,0,22,53,0,1,4260759153.35,3445982046.45,30822213.0,111.801902,0,0.0,0.7954,-0.0981,0.8935,0.0,379168543.75,6932.69,0.0,0.0,379161611.06,3784056302.06,2820774008.86,0.0,2820774008.86,0.0,0.0,0.0,0.0,0.0,0.0,0.0,0.0,0.0,0.0,0.0,567649282.79,0.0,0.0,0.0,275043700.0,0.0,0.0,120589310.41,0.0,0.0,0.0,0.0,97534307.54,24083494.28,42249011.33,31201801.93,30985360.22,2189837.12,162549.11,102608950.24,0.0,0.0,661890990.97,0.0,0.0,16939419.24,814777106.9
XPML11,1,XP MALLS FUNDO DE INVESTIMENTO IMOBILIÁRIO FII,11/2023,396609,395832,673,0,3,1,18,2,4,0,0,0,23,53,0,0,4241652481.11,3449365012.08,30822213.0,111.91166,0,0.0,0.613,-0.1899,0.8029,0.0,580383834.46,190.72,0.0,0.0,580383643.74,3569725891.96,2613822526.81,0.0,2613822526.81,0.0,0.0,0.0,0.0,0.0,0.0,0.0,0.0,0.0,0.0,0.0,560202635.07,0.0,0.0,0.0,275043700.0,0.0,0.0,120657030.08,0.0,0.0,0.0,0.0,91542754.69,16955269.1,42249011.33,32338474.26,27905045.5,2153875.51,0.0,87608950.24,0.0,0.0,661690919.36,0.0,0.0,12928678.42,792287469.03
XPML11,1,XP MALLS FUNDO DE INVESTIMENTO IMOBILIÁRIO FII,10/2023,384432,383654,671,0,1,1,17,2,4,0,0,0,24,58,0,0,4199725741.37,3455928054.08,30822213.0,112.124592,0,0.0,0.5308,-0.2226,0.7534,0.0,682853936.5,190.1,0.0,0.0,682853746.4,3435760815.61,2470401736.9,0.0,2470401736.9,0.0,0.0,0.0,0.0,0.0,0.0,0.0,0.0,0.0,0.0,0.0,569575730.18,0.0,0.0,0.0,275043700.0,0.0,0.0,120739648.53,0.0,0.0,0.0,0.0,81110989.26,13500072.55,42249011.33,25361905.38,26355082.22,2132961.35,0.0,27433675.96,0.0,0.0,662913970.87,0.0,0.0,24961996.89,743797687.29
XPML11,1,XP MALLS FUNDO DE INVESTIMENTO IMOBILIÁRIO FII,09/2023,370163,369409,646,0,1,2,18,2,4,0,0,0,25,56,0,0,4190663687.19,3463638096.17,30822213.0,112.374738,0,0.0,0.7512,0.0458,0.7054,0.0,817323473.9,190.1,0.0,0.0,817323283.8,3299733333.23,2343115775.64,0.0,2343115775.64,0.0,0.0,0.0,0.0,0.0,0.0,0.0,0.0,0.0,0.0,0.0,560912558.44,0.0,0.0,0.0,275001200.0,0.0,0.0,120703799.15,0.0,0.0,0.0,0.0,73606880.06,12302730.02,42249011.33,19055138.71,26459632.4,2153210.9,0.0,27433675.96,0.0,0.0,658763573.12,0.0,0.0,12215498.64,727025591.02
XPML11,1,XP MALLS FUNDO DE INVESTIMENTO IMOBILIÁRIO FII,08/2023,357599,356828,657,0,2,2,14,1,4,0,0,0,24,67,0,0,4195863308.72,3462052426.09,30822213.0,112.323292,0,0.0,-1.4971,-2.2915,0.7944,0.0,834664178.94,200.0,0.0,0.0,834663978.94,3296770514.74,2335838434.17,0.0,2335838434.17,0.0,0.0,0.0,0.0,0.0,0.0,0.0,0.0,0.0,0.0,0.0,565104427.51,0.0,0.0,0.0,275001200.0,0.0,0.0,120826453.06,0.0,0.0,0.0,0.0,64428615.04,11298475.89,42249011.33,10881127.82,28236999.27,2074906.81,0.0,27411340.2,0.0,0.0,663925596.41,0.0,0.0,12162039.94,733810882.63
HGLG11,1,CSHG LOGÍSTICA - FUNDO DE INVESTIMENTO IMOBILIÁRIO - FII,01/2024,454240,0,0,0,0,0,0,0,0,0,0,0,0,0,0,0,6153973123.5,5341705517.6,33787575.0,158.096742,0,0.0028,0.6052,-0.09,0.6952,0.0,136241341.06,983818.86,0,0,135257522.2,5920907947.38,4699080913.85,0,4630695370.36,68385543.49,0,0,0,0,0,0,0,0,0,0,395411110.78,0,0,0,62248338.13,0,0,254032721.22,0,510134863.4,0,0,96823835.06,31977070.33,15423282.08,49423482.65,37166332.5,2885322.14,0,92767171.0,0,44358.9,650384031.18,0,21549.32,28998840.86,812267605.9
HGLG11,1,CSHG LOGÍSTICA - FUNDO DE INVESTIMENTO IMOBILIÁRIO - FII,12/2023,441076,440409,578,0,2,0,19,2,2,0,0,0,20,34,0,10,6162960700.31,5346515836.24,33787575.0,158.239111,0,0.0025,4.2583,3.5386,0.7197,0.0,164879709.28,2541534.15,0,0,162338175.13,5910612177.2,4691972676.66,0,4630140999.99,61831676.67,0,0,0,0,0,0,0,0,0,0,394452008.3,0,0,0,62248338.13,0,0,256547621.39,0,505391532.72,0,0,87468813.83,37894793.29,15249240.06,34324780.48,37166332.5,2581998.22,0,97104691.21,0,88717.8,650077934.57,0,21549.32,29403640.45,816444864.07
HGLG11,1,CSHG LOGÍSTICA - FUNDO DE INVESTIMENTO IMOBILIÁRIO - FII,11/2023,430770,0,0,0,0,0,0,0,0,0,0,0,0,0,0,0,5990517513.93,5163788903.49,33787575.0,152.831001,0,0.0025,0.5236,-0.1947,0.7183,0.0,172628443.64,961195.14,0,0,171667248.5,5702598011.64,4497738655.07,0,4447304272.89,50434382.18,0,0,0,0,0,0,0,0,0,0,387177622.25,0,0,0,62248735.32,0,0,254397902.89,0,501035096.11,0,0,115291058.65,34094981.4,46296941.58,34899135.67,37166332.5,2570365.63,0,103941884.57,0,0,652457396.66,0,0,30592631.08,826728610.44
HGLG11,1,CSHG LOGÍSTICA - FUNDO DE INVESTIMENTO IMOBILIÁRIO - FII,10/2023,424235,0,0,0,0,0,0,0,0,0,0,0,0,0,0,0,6002237913.71,5173860468.95,33787575.0,153.129086,0,0.0026,0.4407,-0.2757,0.7164,0.0,196196414.31,1125151.44,0,0,195071262.87,5690145776.92,4491278985.06,0,4444346005.69,46932979.37,0,0,0,0,0,0,0,0,0,0,387870487.15,0,0,0,62248735.32,0,0,251702828.73,0,497044740.66,0,0,115895722.48,30498060.77,47343123.62,38054538.09,37166332.5,2683119.63,0,102177589.07,0,0,653912812.03,0,0,32437591.53,828377444.76
HGLG11,1,CSHG LOGÍSTICA - FUNDO DE INVESTIMENTO IMOBILIÁRIO - FII,09/2023,411044,410384,553,0,1,0,18,2,3,0,0,0,18,57,0,8,6032316238.86,5188164546.57,33787575.0,153.552439,0,0.0025,0.5928,-0.1227,0.7155,0.0,238824219.84,1436065.87,0,0,237388153.97,5687445192.07,4482313215.76,0,4438851204.68,43462011.08,0,0,0,0,0,0,0,0,0,0,394858660.76,0,0,0,62248735.32,0,0,255717462.06,0,492307118.17,0,0,106046826.95,38167616.21,48377921.49,19501289.25,37166332.5,2593783.63,0,135405816.23,0,0,655017611.38,0,0,13968148.55,844151692.29
HGLG11,1,CSHG LOGÍSTICA - FUNDO DE INVESTIMENTO IMOBILIÁRIO - FII,08/2023,396667,0,0,0,0,0,0,0,0,0,0,0,0,0,0,0,6077551340.51,5194540238.65,33787575.0,153.741138,0,0.0029,1.068,0.35,0.718,0.0,220115386.39,2670771.31,0,0,217444615.08,5673103159.96,4468143234.22,0,4434141410.16,34001824.06,0,0,0,0,0,0,0,0,0,0,396786261.33,0,0,0,62248735.32,0,0,258806381.56,0,487118547.53,0,0,184332794.16,31682939.55,64012314.06,88637540.55,37166332.5,2997850.86,0,179845138.51,0,0,651613155.48,0,0,11388624.51,883011101.86
KNSC11,1,KINEA SECURITIES FUNDO DE INVESTIMENTO IMOBILIÁRIO - FII,02/2024,148022,0,0,0,0,0,0,0,0,0,0,0,0,0,0,0,1322197068.48,1202263371.79,132757940.0,9.056056,0,0.0061,0.8383,-0.0447,0.883,0.0,57187959.32,30894.87,57157064.45,0,0,1260054255.26,0.0,0,0,0,0,0,0,0,0,0,0,0,0,0,9291993.51,0,0,0,0,0,0,1250762261.75,0,0,0,0,4954853.9,0,0,4954853.9,10620635.2,1092724.27,0,0,0,0,0,0,0,108220337.22,119933696.69
KNSC11,1,KINEA SECURITIES FUNDO DE INVESTIMENTO IMOBILIÁRIO - FII,01/2024,142820,0,0,0,0,0,0,0,0,0,0,0,0,0,0,0,1321596946.31,1202800607.09,132757940.0,9.060103,0,0.007,0.4198,-0.4591,0.8789,0.0,69091475.12,22415.34,69069059.78,0,0,1249519274.28,0.0,0,0,0,0,0,0,0,0,0,0,0,0,0,9306408.36,0,0,0,0,0,0,1240212865.92,0,0,0,0,2986196.91,0,0,2986196.91,10620635.2,1272326.82,0,0,0,0,0,0,0,106903377.2,118796339.22
KNSC11,1,KINEA SECURITIES FUNDO DE INVESTIMENTO IMOBILIÁRIO - FII,12/2023,132602,132267,281,0,2,0,10,0,0,0,0,0,17,20,0,5,1324615762.55,1208347949.89,132757940.0,9.101888,0,0.0064,1.2727,0.4998,0.7729,0.0,99787927.44,23651.2,99764276.24,0,0,1224719187.34,0.0,0,0,0,0,0,0,0,0,0,0,0,0,0,9092989.84,0,0,0,0,0,0,1215626197.5,0,0,0,0,108647.77,0,0,108647.77,9293055.8,1119718.4,0,0,0,0,0,0,0,105855038.46,116267812.66
KNSC11,1,KINEA SECURITIES FUNDO DE INVESTIMENTO IMOBILIÁRIO - FII,11/2023,122671,0,0,0,0,0,0,0,0,0,0,0,0,0,0,0,1331423862.5,1202338148.9,132757940.0,9.05662,0,0.0063,1.931,1.1492,0.7818,0.0,42565157.35,20220.16,42544937.19,0,0,1288745389.28,0.0,0,0,0,0,0,0,0,0,0,0,0,0,0,9660724.78,0,0,0,0,0,0,1279084664.5,0,0,0,0,113315.87,0,0,113315.87,9293055.8,1133826.27,0,0,0,0,0,0,0,118658831.53,129085713.6
KNSC11,1,KINEA SECURITIES FUNDO DE INVESTIMENTO IMOBILIÁRIO - FII,02/2024,148022,0,0,0,0,0,0,0,0,0,0,0,0,0,0,0,1322197068.48,1202263371.79,132757940.0,9.056056,0,0.0061,0.8383,-0.0447,0.883,0.0,57187959.32,30894.87,57157064.45,0,0,1260054255.26,0.0,0,0,0,0,0,0,0,0,0,0,0,0,0,9291993.51,0,0,0,0,0,0,1250762261.75,0,0,0,0,4954853.9,0,0,4954853.9,10620635.2,1092724.27,0,0,0,0,0,0,0,108220337.22,119933696.69
KNSC11,1,KINEA SECURITIES FUNDO DE INVESTIMENTO IMOBILIÁRIO - FII,03/2024,151895,151542,308,0,2,0,7,0,0,0,0,0,14,16,0,6,1318468307.72,1196213240.04,132757940.0,9.010484,0,0.0064,0.4906,-0.5032,0.9938,0.0,73670432.01,122383.83,73548048.18,0,0,1239848677.87,0.0,0,0,0,0,0,0,0,0,0,0,0,0,0,7038291.28,0,0,0,0,0,0,1232810386.59,0,0,0,0,4949197.84,0,0,4949197.84,11948214.6,1156511.31,0,0,0,0,0,0,0,109150341.77,122255067.68
RBRR11,1,FUNDO DE INVESTIMENTO IMOBILIARIO - FII RBR RENDIMENTO HIGH GRADE,12/2023,135890,135493,324,0,1,0,8,2,3,0,0,0,22,33,0,4,1455786499.49,1441506958.91,15057201.0,95.735387,0,0.0,1.195,0.4994,0.6956,0.0,28823945.67,0.0,28823945.67,0.0,0.0,1424804560.32,0.0,0.0,0.0,0.0,0.0,0.0,0.0,0.0,0.0,0.0,0.0,0.0,0.0,0.0,71938207.09,0.0,0.0,0.0,0.0,0.0,0.0,1352866353.23,0.0,0.0,0.0,0.0,2157993.5,0.0,0.0,2157993.5,13010885.8,1101362.93,0.0,0.0,0.0,0.0,0.0,0.0,0.0,167291.85,14279540.58
RBRR11,1,FUNDO DE INVESTIMENTO IMOBILIARIO - FII RBR RENDIMENTO HIGH GRADE,11/2023,137838,137420,347,0,1,0,9,2,1,0,0,0,20,34,0,4,1504072628.4,1434344394.05,15057201.0,95.259696,0,0.0,2.4676,1.8316,0.636,0.0,141489324.51,0.0,141489324.51,0.0,0.0,1362572899.22,0.0,0.0,0.0,0.0,0.0,0.0,0.0,0.0,0.0,0.0,0.0,0.0,0.0,0.0,64516611.85,0.0,0.0,0.0,0.0,0.0,0.0,1298056287.37,0.0,0.0,0.0,0.0,10404.67,0.0,0.0,10404.67,0.0,1054345.75,0.0,0.0,0.0,0.0,0.0,0.0,0.0,68673888.6,69728234.35
RBRR11,1,FUNDO DE INVESTIMENTO IMOBILIARIO - FII RBR RENDIMENTO HIGH GRADE,10/2023,139447,139027,355,0,1,0,10,0,0,0,1,0,18,35,0,0,1477000729.93,1408544788.59,15057201.0,93.546257,0,0.0,0.8921,0.1574,0.7347,0.0,63347096.52,0.0,63347096.52,0.0,0.0,1413637929.16,0.0,0.0,0.0,0.0,0.0,0.0,0.0,0.0,0.0,0.0,0.0,0.0,0.0,0.0,58535927.42,0.0,0.0,0.0,0.0,0.0,0.0,1355102001.74,0.0,0.0,0.0,0.0,15704.25,0.0,0.0,15704.25,0.0,1081022.51,0.0,0.0,0.0,0.0,0.0,0.0,0.0,67374918.83,68455941.34
RBRR11,1,FUNDO DE INVESTIMENTO IMOBILIARIO - FII RBR RENDIMENTO HIGH GRADE,09/2023,140623,140213,352,0,2,0,9,0,0,0,1,0,17,29,0,0,1355602483.96,1255184436.59,13438908.0,93.399288,0,0.0,-0.3566,-1.0704,0.7138,0.0,26021434.68,190.28,26021244.4,0.0,0.0,1329559838.29,0.0,0.0,0.0,0.0,0.0,0.0,0.0,0.0,0.0,0.0,0.0,0.0,0.0,0.0,54189066.82,0.0,0.0,0.0,0.0,0.0,0.0,1275370771.47,0.0,0.0,0.0,0.0,21210.99,0.0,0.0,21210.99,11745259.64,1014015.78,0.0,0.0,0.0,0.0,0.0,0.0,0.0,87658771.95,100418047.37
RBRR11,1,FUNDO DE INVESTIMENTO IMOBILIARIO - FII RBR RENDIMENTO HIGH GRADE,08/2023,139457,139059,343,0,1,0,9,0,0,0,1,0,16,28,0,0,1382508015.27,1268765238.43,13438908.0,94.409846,0,0.0,0.4142,-0.1036,0.5178,0.0,59524406.17,200.0,18894989.15,0.0,40629217.02,1316163409.07,0.0,0.0,0.0,0.0,0.0,0.0,0.0,0.0,0.0,0.0,0.0,0.0,0.0,0.0,65383939.08,0.0,0.0,0.0,0.0,0.0,0.0,1250779469.99,0.0,0.0,0.0,0.0,6820200.03,0.0,0.0,6820200.03,11423844.07,1023402.01,0.0,0.0,0.0,0.0,0.0,0.0,0.0,101295530.76,113742776.84
RBRR11,1,FUNDO DE INVESTIMENTO IMOBILIARIO - FII RBR RENDIMENTO HIGH GRADE,07/2023,138639,138222,361,0,1,0,9,0,0,0,1,0,16,29,0,0,1401106053.87,1270081176.6,13438908.0,94.507766,0,0.0,-1.1051,-1.9306,0.8255,0.0,40687601.3,200.0,0.0,0.0,40687401.3,1360388181.84,0.0,0.0,0.0,0.0,0.0,0.0,0.0,0.0,0.0,0.0,0.0,0.0,0.0,0.0,80758411.04,0.0,0.0,0.0,0.0,0.0,0.0,1279629770.8,0.0,0.0,0.0,0.0,30270.73,0.0,0.0,30270.73,14254552.05,1023060.33,0.0,0.0,0.0,0.0,0.0,0.0,0.0,115747264.89,131024877.27
RBRY11,1,Fundo de Investimento Imobiliário RBR Crédito Imobiliário Estruturado,01/2024,54442,54148,230,0,1,0,6,1,1,0,0,0,22,29,0,4,1000778539.43,995867564.78,10044607.0,99.144503,0,0.0,2.3999,1.3268,1.0731,0.0,70549923.93,198.84,70527034.42,0.0,22690.67,930224505.11,0.0,0.0,0.0,0.0,0.0,0.0,0.0,0.0,0.0,0.0,0.0,0.0,0.0,0.0,125899658.93,0.0,0.0,0.0,0.0,0.0,0.0,748463640.34,0.0,55861205.84,0.0,0.0,4110.39,0.0,0.0,4110.39,0.0,1077657.85,3782193.63,0.0,0.0,0.0,0.0,0.0,0.0,51123.17,4910974.65
RBRY11,1,Fundo de Investimento Imobiliário RBR Crédito Imobiliário Estruturado,12/2023,48942,48687,186,0,2,0,5,1,1,0,0,0,24,33,0,3,1002957511.36,982827346.9,10044607.0,97.846272,0,0.0,0.3272,-0.5548,0.882,0.0,173879626.37,198.84,173879427.53,0.0,0.0,829070063.88,0.0,0.0,0.0,0.0,0.0,0.0,0.0,0.0,0.0,0.0,0.0,0.0,0.0,0.0,108641830.41,0.0,0.0,0.0,0.0,0.0,0.0,665052417.48,0.0,55375815.99,0.0,0.0,7821.11,0.0,0.0,7821.11,10044607.0,1076678.62,3782193.63,0.0,0.0,0.0,0.0,0.0,0.0,5226685.21,20130164.46
RBRY11,1,Fundo de Investimento Imobiliário RBR Crédito Imobiliário Estruturado,11/2023,49753,49484,190,0,2,0,4,1,1,0,0,0,30,39,0,2,992601741.97,988310254.79,10044607.0,98.392128,0,0.0,0.2918,-0.6105,0.9023,0.0,314702354.28,2000509.95,312701844.33,0.0,0.0,677890868.0,0.0,0.0,0.0,0.0,0.0,0.0,0.0,0.0,0.0,0.0,0.0,0.0,0.0,0.0,54806065.08,0.0,0.0,0.0,0.0,0.0,0.0,623084802.92,0.0,0.0,0.0,0.0,8519.69,0.0,0.0,8519.69,0.0,1041741.43,3226804.4,0.0,0.0,0.0,0.0,0.0,0.0,22941.35,4291487.18
RBRY11,1,Fundo de Investimento Imobiliário RBR Crédito Imobiliário Estruturado,10/2023,39808,39638,123,0,1,2,5,0,0,0,1,0,18,20,0,0,567955796.19,549114315.61,5546804.0,98.996524,0,0.0,2.1599,1.1336,1.0263,0.0,20091935.63,198.84,20091736.79,0.0,0.0,547852880.63,0.0,0.0,0.0,0.0,0.0,0.0,0.0,0.0,0.0,0.0,0.0,0.0,0.0,0.0,55253246.0,0.0,0.0,0.0,0.0,0.0,0.0,492599634.63,0.0,0.0,0.0,0.0,10979.93,0.0,0.0,10979.93,0.0,604697.8,2341839.31,0.0,0.0,0.0,0.0,0.0,0.0,15894943.47,18841480.58
RBRY11,1,Fundo de Investimento Imobiliário RBR Crédito Imobiliário Estruturado,09/2023,37109,36954,106,0,1,1,6,0,0,0,1,0,19,21,0,0,552891199.51,542959469.85,5546804.0,97.886904,0,0.0,0.5836,-0.6712,1.2548,0.0,10774931.09,198.84,10774732.25,0.0,0.0,530268494.69,0.0,0.0,0.0,0.0,0.0,0.0,0.0,0.0,0.0,0.0,0.0,0.0,0.0,0.0,57629412.54,0.0,0.0,0.0,0.0,0.0,0.0,472639082.15,0.0,0.0,0.0,0.0,11847773.73,0.0,0.0,11847773.73,7255365.44,606184.99,2050994.14,0.0,0.0,0.0,0.0,0.0,0.0,19185.09,9931729.66
RBRY11,1,Fundo de Investimento Imobiliário RBR Crédito Imobiliário Estruturado,08/2023,36061,35911,105,0,1,1,5,0,0,0,1,0,19,18,0,0,555819179.55,546628296.78,5546804.0,98.548335,0,0.0,0.5833,-0.2988,0.8821,0.0,20765606.29,198.84,20765407.45,0.0,0.0,535034626.84,0.0,0.0,0.0,0.0,0.0,0.0,0.0,0.0,0.0,0.0,0.0,0.0,0.0,0.0,69423145.9,0.0,0.0,0.0,0.0,0.0,0.0,465611480.94,0.0,0.0,0.0,0.0,18946.42,0.0,0.0,18946.42,7052481.33,608928.54,1483858.2,0.0,0.0,0.0,0.0,0.0,0.0,45614.7,9190882.77
VINO11,1,VINCI OFFICES FUNDO DE INVESTIMENTO IMOBILIÁRIO,12/2023,147056,146916,107,0,2,0,8,0,1,0,0,0,6,14,0,2,1408698265.08,897853061.93,82826295.0,10.840193,0,0,0.4878,-0.047,0.5348,0,18464222.49,7748577.6,0,0,10715644.89,1363803058.56,1353500000.0,0,1353500000.0,0,0,0,0,0,0,0,0,0,0,0,10303058.56,0,0,0,0,0,0,0,0,0,0,0,26430984.03,4598244.0,0,21832740.03,4803925.11,585974.55,0,46595557.11,0,680994.96,458076893.0,0,0,101858.42,510845203.15
VINO11,1,VINCI OFFICES FUNDO DE INVESTIMENTO IMOBILIÁRIO,11/2023,144500,0,0,0,0,0,0,0,0,0,0,0,0,0,0,0,1412632513.85,898275735.76,82826295.0,10.845297,0,0,0.6189,0.0837,0.5352,0,23632461.88,9960153.13,0,0,13672308.75,1360515843.27,1350074857.04,0,1350074857.04,0,0,0,0,0,0,0,0,0,0,0,10440986.23,0,0,0,0,0,0,0,0,0,0,0,28484208.7,8212700.0,0,20271508.7,4803925.11,590638.45,0,48405169.12,0,521704.6,459138631.43,0,0,896709.38,514356778.09
VINO11,1,VINCI OFFICES FUNDO DE INVESTIMENTO IMOBILIÁRIO,10/2023,143177,0,0,0,0,0,0,0,0,0,0,0,0,0,0,0,1415272812.69,897523740.19,82826295.0,10.836217,0,0,0.9435,0.3877,0.5558,0,23845378.4,12185468.51,0,0,11659909.89,1362762542.2,1350070694.54,0,1350070694.54,0,0,0,0,0,0,0,0,0,0,0,12691847.66,0,0,0,0,0,0,0,0,0,0,0,28664892.09,8212700.0,0,20452192.09,4969577.7,665509.72,0,50193611.63,0,658275.37,460389447.18,0,0,872650.9,517749072.5
VINO11,1,VINCI OFFICES FUNDO DE INVESTIMENTO IMOBILIÁRIO,09/2023,139363,139206,123,0,2,0,7,0,1,0,0,0,7,15,0,2,1414677904.73,894056653.95,82826295.0,10.794358,0,0,-0.0254,-0.578,0.5526,0,26337011.31,10343694.43,0,0,15993316.88,1363250246.55,1349933787.07,0,1349933787.07,0,0,0,0,0,0,0,0,0,0,0,13316459.48,0,0,0,0,0,0,0,0,0,0,0,25090646.87,4692257.0,0,20398389.87,4969577.7,680843.52,0,51956486.62,0,794846.14,461358686.8,0,0,860810.0,520621250.78
VINO11,1,VINCI OFFICES FUNDO DE INVESTIMENTO IMOBILIÁRIO,08/2023,132954,0,0,0,0,0,0,0,0,0,0,0,0,0,0,0,1423198255.46,899254538.15,82826295.0,10.857114,0,0,-0.0425,-0.1529,0.1104,0,31735105.26,11674971.32,0,0,20060133.94,1363180668.59,1349672516.96,0,1349672516.96,0,0,0,0,0,0,0,0,0,0,0,13508151.63,0,0,0,0,0,0,0,0,0,0,0,28282481.61,8217700.0,0,20064781.61,4969577.7,814001.31,0,53709531.28,0,931416.91,462662370.18,0,0,856819.93,523943717.31
VINO11,1,VINCI OFFICES FUNDO DE INVESTIMENTO IMOBILIÁRIO,07/2023,123487,0,0,0,0,0,0,0,0,0,0,0,0,0,0,0,1427031186.54,900631675.97,16565259.0,54.368705,0,0,0.622,0.0515,0.5705,0,33759809.07,10122926.42,0,0,23636882.65,1363879121.27,1349636915.59,0,1349636915.59,0,0,0,0,0,0,0,0,0,0,0,14242205.68,0,0,0,0,0,0,0,0,0,0,0,29392256.2,8217412.0,0,21174844.2,5135230.29,748628.54,0,54552900.89,0,1067987.68,464055924.64,0,0,838838.53,526399510.57
TVRI11,1,TIVIO RENDA IMOBILIARIA FUNDO DE INVESTIMENTO IMOBILIARIO,01/2024,70554,0,0,0,0,0,0,0,0,0,0,0,0,0,0,0,1618809157.86,1598317783.57,15919690.0,100.398801,0,0.0036,2.2246,1.2465,0.9781,0.0,61968600.55,0.0,0.0,0.0,61968600.55,1495859672.69,1488139211.07,0.0,1488139211.07,0.0,0.0,0.0,0.0,0.0,0.0,0.0,0.0,0.0,0.0,0.0,0.0,0.0,0.0,0.0,0.0,0.0,0.0,7720461.62,0.0,0.0,0.0,0.0,60980884.62,15904014.88,45076869.74,0.0,16426790.28,390550.22,0.0,0.0,0.0,0.0,0.0,0.0,0.0,3674033.79,20491374.29
TVRI11,1,TIVIO RENDA IMOBILIARIA FUNDO DE INVESTIMENTO IMOBILIARIO,12/2023,71716,71347,0,0,1,321,6,0,0,0,0,0,13,18,0,10,1598249251.82,1578791878.45,15919690.0,99.172275,0,0.0037,1.0506,0.1319,0.9187,0.0,54251141.33,0.0,0.0,0.0,54251141.33,1528094095.61,1520372208.39,0.0,0.0,0.0,1520372208.39,0.0,0.0,0.0,0.0,0.0,0.0,0.0,0.0,0.0,0.0,0.0,0.0,0.0,0.0,0.0,0.0,7721887.22,0.0,0.0,0.0,0.0,15904014.88,15904014.88,0.0,0.0,15460774.23,349913.99,0.0,0.0,0.0,0.0,0.0,0.0,0.0,3646685.15,19457373.37
TVRI11,1,TIVIO RENDA IMOBILIARIA FUNDO DE INVESTIMENTO IMOBILIARIO,11/2023,72157,0,0,0,0,0,0,0,0,0,0,0,0,0,0,0,1596240710.23,1576857849.29,15919690.0,99.050789,0,0.0037,0.9112,-0.0073,0.9186,0.0,54143123.25,0.0,0.0,0.0,54143123.25,1526791519.04,1519652862.96,0.0,1519652862.96,0.0,0.0,0.0,0.0,0.0,0.0,0.0,0.0,0.0,0.0,0.0,0.0,0.0,0.0,0.0,0.0,0.0,0.0,7138656.08,0.0,0.0,0.0,0.0,15306067.94,15306067.94,0.0,0.0,15449939.58,321387.08,0.0,0.0,0.0,0.0,0.0,0.0,0.0,3611534.28,19382860.94
TVRI11,1,TIVIO RENDA IMOBILIARIA FUNDO DE INVESTIMENTO IMOBILIARIO,10/2023,73101,72730,337,0,1,0,5,1,6,0,0,0,13,8,0,0,1596515306.88,1577119706.13,15919690.0,99.067237,0,0.0038,0.9595,0.0406,0.9189,0,55207411.77,0.0,0.0,0.0,55207411.77,1526067515.97,1518874812.84,0.0,1518874812.84,0.0,0.0,0.0,0.0,0.0,0.0,0.0,0.0,0.0,0.0,0.0,0.0,0.0,0.0,0.0,0.0,0.0,0.0,7192703.13,0.0,0.0,0.0,0.0,15240379.14,15240379.14,0.0,0.0,15439202.5,335024.07,0.0,0.0,0.0,0.0,0.0,0.0,0.0,3621374.18,19395600.75
TVRI11,1,TIVIO RENDA IMOBILIARIA FUNDO DE INVESTIMENTO IMOBILIARIO,09/2023,74877,74511,334,0,1,0,0,0,10,0,0,0,6,15,0,0,1599437501.14,1576342335.04,15919690.0,99.018406,0,0.0005,0.0567,-0.8445,0.9012,0.0,55524637.83,2357.19,0.0,0.0,55522280.64,1528567571.92,1517094036.86,0.0,1517094036.86,0.0,0.0,0.0,0.0,0.0,0.0,0.0,0.0,0.0,0.0,0.0,0.0,0.0,0.0,0.0,0.0,0.0,0.0,11473535.06,0.0,0.0,0.0,0.0,15345291.39,15308802.68,0.0,36488.71,15268924.62,0.0,0.0,0.0,0.0,0.0,0.0,0.0,4217072.65,3609168.83,23095166.1
TVRI11,1,TIVIO RENDA IMOBILIARIA FUNDO DE INVESTIMENTO IMOBILIARIO,02/2024,69530,0,0,0,0,0,0,0,0,0,0,0,0,0,0,0,1618224858.5,1613190000.65,15919690.0,101.333003,0,0.0036,1.9061,0.94,0.9661,0.0,61661291.63,2000.0,0.0,0.0,61659291.63,1495325746.39,1488808496.39,0.0,1488808496.39,0.0,0.0,0.0,0.0,0.0,0.0,0.0,0.0,0.0,0.0,0.0,0.0,0.0,0.0,0.0,0.0,0.0,0.0,6517250.0,0.0,0.0,0.0,0.0,61237820.48,15904014.88,45333274.32,531.28,996698.82,340553.76,0.0,0.0,0.0,0.0,0.0,0.0,0.0,3697605.27,5034857.85
RBRF11,1,RBR ALPHA MULTIESTRATÉGIA REAL ESTATE FUNDO DE INVESTIMENTO IMOBILIÁRIO,01/2024,113306,112872,390,0,2,0,6,0,4,0,0,0,9,22,0,1,1235621339.46,1226590259.4,136807700.0,8.965798,0,0.0,-89.6851,-89.7659,0.0808,0.0,106205519.05,0.0,106205519.05,0.0,0.0,1122744185.88,0.0,0.0,0.0,0.0,0.0,0.0,0.0,0.0,0.0,0.0,0.0,0.0,0.0,0.0,1017389201.56,0.0,0.0,0.0,0.0,0.0,0.0,105354984.32,0.0,0.0,0.0,0.0,6671634.53,0.0,0.0,6671634.53,0.0,870359.57,0.0,0.0,0.0,0.0,0.0,0.0,0.0,8160720.49,9031080.06
RBRF11,1,RBR ALPHA MULTIESTRATÉGIA REAL ESTATE FUNDO DE INVESTIMENTO IMOBILIÁRIO,12/2023,108583,108159,376,0,2,0,7,0,4,0,0,0,11,23,0,1,1208897670.91,1198529321.8,13680770.0,87.606861,0,0.0,1.4825,0.859,0.6235,0.0,32391576.96,0.0,32391576.96,0.0,0.0,1172535498.98,0.0,0.0,0.0,0.0,0.0,0.0,0.0,0.0,0.0,0.0,0.0,0.0,0.0,0.0,1024162088.07,0.0,0.0,0.0,0.0,0.0,0.0,148373410.91,0.0,0.0,0.0,0.0,3970594.97,0.0,0.0,3970594.97,7524423.5,820734.01,0.0,0.0,0.0,0.0,0.0,0.0,0.0,2023191.6,10368349.11
RBRF11,1,RBR ALPHA MULTIESTRATÉGIA REAL ESTATE FUNDO DE INVESTIMENTO IMOBILIÁRIO,11/2023,107170,106749,378,0,2,0,7,0,4,0,0,0,11,18,0,1,1191161232.31,1188321656.64,13680770.0,86.860729,0,0.0,1.3356,0.7263,0.6093,0.0,7066621.19,0.0,7066621.19,0.0,0.0,1184023265.46,0.0,0.0,0.0,0.0,0.0,0.0,0.0,0.0,0.0,0.0,0.0,0.0,0.0,0.0,1030803455.6,0.0,0.0,0.0,0.0,0.0,0.0,153219809.86,0.0,0.0,0.0,0.0,71345.66,0.0,0.0,71345.66,0.0,823053.07,0.0,0.0,0.0,0.0,0.0,0.0,0.0,2016522.6,2839575.67
RBRF11,1,RBR ALPHA MULTIESTRATÉGIA REAL ESTATE FUNDO DE INVESTIMENTO IMOBILIÁRIO,10/2023,107103,106665,370,0,1,1,6,1,4,0,0,0,16,39,0,0,1182644306.78,1179794788.08,13680770.0,86.237455,0,0.0,-1.4304,-2.0157,0.5853,0.0,9380145.69,0.0,9380145.69,0.0,0.0,1173187017.84,0.0,0.0,0.0,0.0,0.0,0.0,0.0,0.0,0.0,0.0,0.0,0.0,0.0,0.0,1021438979.84,0.0,0.0,0.0,0.0,0.0,0.0,151748038.0,0.0,0.0,0.0,0.0,77143.25,0.0,0.0,77143.25,0.0,837141.48,0.0,0.0,0.0,0.0,0.0,0.0,0.0,2012377.22,2849518.7
RBRF11,1,RBR ALPHA MULTIESTRATÉGIA REAL ESTATE FUNDO DE INVESTIMENTO IMOBILIÁRIO,09/2023,108936,108504,369,0,1,2,7,1,4,0,0,0,14,34,0,0,1215377111.86,1204015473.17,13680770.0,88.007873,0,0.0,1.3002,0.5964,0.7038,0.0,45221422.65,197.0,43019293.28,0.0,2201932.37,1169643646.97,0.0,0.0,0.0,0.0,0.0,0.0,0.0,0.0,0.0,0.0,0.0,0.0,0.0,0.0,1024990681.67,0.0,0.0,0.0,0.0,0.0,0.0,144652965.3,0.0,0.0,0.0,0.0,512042.24,0.0,0.0,512042.24,8461130.88,891077.26,0.0,0.0,0.0,0.0,0.0,0.0,0.0,2009430.55,11361638.69
RBRF11,1,RBR ALPHA MULTIESTRATÉGIA REAL ESTATE FUNDO DE INVESTIMENTO IMOBILIÁRIO,08/2023,107618,107175,380,0,1,2,5,1,4,0,0,0,15,35,0,0,1217207910.39,1196877676.76,13680770.0,87.486134,0,0.0,-0.6996,-1.1819,0.4823,0.0,70031248.07,200.0,15459536.58,0.0,54571511.49,1139334631.39,0.0,0.0,0.0,0.0,0.0,0.0,0.0,0.0,0.0,0.0,0.0,0.0,0.0,0.0,989501774.8,0.0,0.0,0.0,0.0,0.0,0.0,149832856.59,0.0,0.0,0.0,0.0,7842030.93,0.0,0.0,7842030.93,7561759.5,914925.04,0.0,0.0,0.0,0.0,0.0,0.0,0.0,11853549.09,20330233.63
VIUR11,0,VINCI IMOVEIS URBANOS FUNDO DE INVESTIMENTO IMOBILIARIO,01/2024,53511,0,0,0,0,0,0,0,0,0,0,0,0,0,0,0,363585812.64,240878121.13,26946220.0,8.939217,0,0,0.5976,-0.2062,0.8038,0,8829078.82,130967.5,0,0,8698111.32,352318753.5,350100000.0,0,350100000.0,0,0,0,0,0,0,0,0,0,0,0,2218753.5,0,0,0,0,0,0,0,0,0,0,0,2437980.32,2142948.0,0,295032.32,1940127.84,176256.62,0,7000000.0,0,0,107171787.93,0,0,6419519.12,122707691.51
VIUR11,0,VINCI IMOVEIS URBANOS FUNDO DE INVESTIMENTO IMOBILIARIO,12/2023,49606,49548,23,1,0,0,2,0,0,0,0,0,13,19,0,0,364395851.83,241376040.4,26946220.0,8.957696,0,0,-0.0926,-0.8892,0.7966,0,9476230.73,114265.0,0,0,9361965.73,352500072.12,350100000.0,0,350100000.0,0,0,0,0,0,0,0,0,0,0,0,2400072.12,0,0,0,0,0,0,0,0,0,0,0,2419548.98,2113025.0,0,306523.98,1940127.84,159800.18,0,7000000.0,0,0,107502813.16,0,0,6417070.25,123019811.43
VIUR11,0,VINCI IMOVEIS URBANOS FUNDO DE INVESTIMENTO IMOBILIARIO,11/2023,46845,0,0,0,0,0,0,0,0,0,0,0,0,0,0,0,360583763.64,243541710.53,26946220.0,9.038066,0,0,0.6604,-0.1352,0.7956,0,10674772.53,95239.79,0,0,10579532.74,347492186.09,344946594.41,0,344946594.41,0,0,0,0,0,0,0,0,0,0,0,2545591.68,0,0,0,0,0,0,0,0,0,0,0,2416805.02,2117156.0,0,299649.02,1940127.84,162146.74,0,7000000.0,0,0,107852094.14,0,0,87684.39,117042053.11
VIUR11,0,VINCI IMOVEIS URBANOS FUNDO DE INVESTIMENTO IMOBILIARIO,10/2023,45770,0,0,0,0,0,0,0,0,0,0,0,0,0,0,0,361497272.11,243871547.21,26946220.0,9.050306,0,0,0.7243,-0.0707,0.795,0,11487239.56,68548.03,0,0,11418691.53,347575230.16,344948868.16,0,344948868.16,0,0,0,0,0,0,0,0,0,0,0,2626362.0,0,0,0,0,0,0,0,0,0,0,0,2434802.39,2117156.0,0,317646.39,1940127.84,168912.17,0,7000000.0,0,0,108419408.64,0,0,97276.25,117625724.9
VIUR11,0,VINCI IMOVEIS URBANOS FUNDO DE INVESTIMENTO IMOBILIARIO,09/2023,44133,44077,21,1,1,0,2,0,0,0,0,0,11,20,0,0,362065808.72,244044196.76,26946220.0,9.056714,0,0,-0.0309,-0.0309,0,0,12223760.56,54480.62,0,0,12169279.94,347385096.74,344947135.78,0,344947135.78,0,0,0,0,0,0,0,0,0,0,0,2437960.96,0,0,0,0,0,0,0,0,0,0,0,2456951.42,2117156.0,0,339795.42,1940127.84,167591.59,0,7000000.0,0,0,108848170.99,0,0,65721.54,118021611.96
VIUR11,0,VINCI IMOVEIS URBANOS FUNDO DE INVESTIMENTO IMOBILIARIO,08/2023,42205,0,0,0,0,0,0,0,0,0,0,0,0,0,0,0,362723367.97,244119645.9,26946220.0,9.059514,0,0,0.7611,-0.0334,0.7945,0,12943674.44,27362.18,0,0,12916312.26,347318677.97,344946594.41,0,344946594.41,0,0,0,0,0,0,0,0,0,0,0,2372083.56,0,0,0,0,0,0,0,0,0,0,0,2461015.56,2117156.0,0,343859.56,1940127.84,196552.9,0,7000000.0,0,0,109397239.37,0,0,69801.96,118603722.07